title,description,url,author_organisation,published_date,updated_date,topic_url
Trusts and Estates: trustee notification of tax deducted (R185) (LSDB),Use form R185 (Pension LSDB) to provide a beneficiary information about a payment funded by a taxable lump sum death benefit.,https://www.gov.uk/government/publications/trusts-and-estates-trustee-notification-of-tax-deducted-r185-lsdb,HM Revenue & Customs,2017-04-06T00:15:00+01:00,2017-04-26T08:49:51+01:00,https://www.gov.uk/money/trusts
Return of funds forfeited by the National Crime Agency (Luca Filat): agreement between UK and Moldova,This agreement between the governments of the UK and Moldova facilitates the return of funds forfeited by the NCA in relation to Luca Filat.,https://www.gov.uk/government/publications/return-of-funds-forfeited-by-the-national-crime-agency-luca-filat-agreement-between-uk-and-moldova,Home Office,2021-09-22T15:29:00+01:00,2021-09-22T15:29:00+01:00,https://www.gov.uk/international/anti-corruption
Review of the economic requirement for UK trained seafarers,First phase of an independent review into training and skills development in the maritime industry.,https://www.gov.uk/government/publications/an-independent-review-of-the-economic-requirement-for-trained-seafarers-in-the-uk,Department for Transport,2012-01-23T00:00:00+00:00,2012-01-23T00:00:00+00:00,https://www.gov.uk/transport/ship-crew-training-and-certification
Process evaluation for the development of Lyme Bay fisheries management measures {MMO1406},"This project is a process evaluation for the development of Lyme Bay fisheries management measures for ICES Area 7.e sole, looking specifically at engagement and how these measures were developed. ",https://www.gov.uk/government/publications/process-evaluation-for-the-development-of-lyme-bay-fisheries-management-measures-mmo1406,Marine Management Organisation,2024-04-11T00:00:00+01:00,2024-10-17T15:14:41+01:00,https://www.gov.uk/environment/environmental-management-marine-sea-fishing
"Little Reckham Farm, screening decision, S37 Consent, Electricity Act 1989", Screening decision to reconductor approximately 187 metres of a 240/415 kV line from an open wire configuration to aerial bundled conductor.,https://www.gov.uk/government/publications/little-reckham-farm-screening-decision-s37-consent-electricity-act-1989,Department for Energy Security and Net Zero,2024-01-25T00:00:00+00:00,2024-01-25T00:00:00+00:00,https://www.gov.uk/business-and-industry/energy-industry-and-infrastructure-licensing-and-regulation
Heating controls: compensation and time proportional and integral (TPI) controls,Review of the available evidence on compensation (weather and load) and time proportional and integral (TPI) domestic heating controls.,https://www.gov.uk/government/publications/heating-controls-compensation-and-time-proportional-and-integral-tpi-controls,Department for Energy Security and Net Zero,2017-10-12T09:42:52+01:00,2017-10-12T09:42:52+01:00,https://www.gov.uk/environment/climate-change-energy
"Interministerial Group for Safety, Security and Migration Communiqué: 1 February 2023",,https://www.gov.uk/government/publications/communiques-from-the-interministerial-group-for-safety-security-and-migration/interministerial-group-for-safety-security-and-migration-communique-1-february-2023,Home Office,2023-03-06T12:09:14+00:00,2026-08-11T14:56:58+01:00,
Veterinary Laboratories Agency annual report and accounts 2006 to 2007,This document contains the following information: Veterinary Laboratories Agency annual report and accounts 2006 to 2007.,https://www.gov.uk/government/publications/veterinary-laboratories-agency-annual-report-and-accounts-2006-to-2007,Veterinary Laboratories Agency,2007-07-05T01:00:00+01:00,2007-07-05T01:00:00+01:00,
Variation issued: Saturday 01 & Sunday 02 August 2026,,https://www.gov.uk/government/publications/fishing-vessel-licence-variations/variation-issued-saturday-01-august-2026,Marine Management Organisation,2026-07-30T09:20:32+01:00,2026-07-30T09:22:55+01:00,
Tahrir Petrochemical Corporation,,https://www.gov.uk/government/publications/category-a-project-under-consideration-tahrir-petrochemicals-corporation/tahrir-petrochemical-corporation,UK Export Finance,2017-03-14T10:11:15+00:00,2017-03-14T10:11:15+00:00,
Delivering High Standards in Medicines Advertising Regulation report 2020,Annual report from the MHRA on the regulation of medicines advertising to promote transparency.,https://www.gov.uk/government/publications/delivering-high-standards-in-medicines-advertising-regulation-report-2020,Medicines and Healthcare products Regulatory Agency,2021-05-25T15:25:32+01:00,2021-05-25T15:25:32+01:00,https://www.gov.uk/health-and-social-care/medicines-medical-devices-blood-vigilance-safety-alerts
The local government finance report (England) 2009 to 2010,This document contains the following information: The local government finance report (England) 2009 to 2010.,https://www.gov.uk/government/publications/the-local-government-finance-report-england-2009-to-2010,"Ministry of Housing, Communities & Local Government (2018 to 2021)",2009-01-21T00:00:00+00:00,2009-01-21T00:00:00+00:00,https://www.gov.uk/government/government-efficiency-transparency-and-accountability
Decision for Homers Travel Ltd,Written decision of the Deputy Traffic Commissioner in the West Midlands for Homers Travel Ltd,https://www.gov.uk/government/publications/decision-for-homers-travel-ltd,Traffic Commissioners for Great Britain,2022-06-24T11:05:22+01:00,2022-06-24T11:05:22+01:00,https://www.gov.uk/transport/professional-driving-of-lorries-buses-and-coaches
Watford Grammar School for Girls,The schools adjudicator's referral of admission arrangements decision about Watford Grammar School for Girls.,https://www.gov.uk/government/publications/watford-grammar-school-for-girls,Office of the Schools Adjudicator,2014-07-22T16:24:09+01:00,2014-07-22T16:24:09+01:00,
Data share pilot between HMRC and local authorities (A to C),Data share pilot between HMRC and local authorities (starting with the letters 'A' to 'C') to tackle Council Tax debt. ,https://www.gov.uk/government/publications/data-share-pilot-between-hmrc-and-local-authorities-a-to-c,HM Revenue & Customs,2019-09-12T16:17:56+01:00,2019-09-12T16:17:56+01:00,https://www.gov.uk/regional-and-local-government/local-government-data-collection-reporting
"Preventing illegal working: guidance for employers, October 2013",The law on illegal working and your duty as an employer.,https://www.gov.uk/government/publications/preventing-illegal-working-guidance-for-employers-october-2013,Home Office,2014-01-31T15:38:00+00:00,2014-01-31T15:38:00+00:00,https://www.gov.uk/entering-staying-uk/visa-sponsorship
DfT Business Plan input indicator,,https://www.gov.uk/government/publications/cost-of-running-the-rail-network/measurement-template,Department for Transport,2020-04-10T12:02:36+01:00,2015-02-19T09:30:23+00:00,
Met Office annual report and accounts 2010 to 2011,This document contains the following information: Met Office: an executive agency of the Ministry of Defence annual report and accounts 2010 to 2011,https://www.gov.uk/government/publications/met-office-annual-report-and-accounts-2010-to-2011,Met Office,2011-06-21T01:00:00+01:00,2011-06-21T01:00:00+01:00,https://www.gov.uk/government/government-efficiency-transparency-and-accountability
CAC Outcome: RMT & Govia Thameslink Railways,Outcome(s) by the Central Arbitration Committee on an application from the RMT.,https://www.gov.uk/government/publications/cac-outcome-rmt-govia-thameslink-railways,Central Arbitration Committee,2022-09-27T10:11:00+01:00,2022-09-27T10:11:00+01:00,https://www.gov.uk/work
UK/France: Exchange of Letters relating to Delimitation of the Exclusive Economic Zone [TS No.19/2014],This treaty was presented to Parliament in September 2014.,https://www.gov.uk/government/publications/ts-ukfrance-exchange-of-letters-relating-to-delimitation-of-the-exclusive-economic-zone,Foreign & Commonwealth Office,2014-09-04T15:02:00+01:00,2014-09-04T15:02:00+01:00,https://www.gov.uk/business-and-industry/trade-and-investment
Variation Issued: Saturday 04 February 2023,,https://www.gov.uk/government/publications/fishing-vessel-licence-variations/variation-issued-saturday-04-february-2023,Marine Management Organisation,2023-02-02T15:42:09+00:00,2026-07-30T09:22:55+01:00,
Monitor: information requests policy,Advice on requesting information from Monitor under the Freedom of Information Act or Data Protection Act.,https://www.gov.uk/government/publications/monitor-information-requests-policy,Monitor,2014-05-01T00:00:00+01:00,2014-05-01T00:00:00+01:00,https://www.gov.uk/health-and-social-care/national-health-service
Compromise Agreements.,We were asked:,https://www.gov.uk/government/publications/compromise-agreements,Office of the Secretary of State for Wales,2013-05-21T16:26:00+01:00,2013-05-21T16:26:00+01:00,
FOI202600001S Soho Home LTD,,https://www.gov.uk/government/publications/foi-release-soho-home-ltd/foi202600001s-soho-home-ltd,FCDO Services ,2026-01-20T14:19:49+00:00,2026-01-20T14:19:49+00:00,
Court of Protection: personal welfare application (COP GN4),When and how to make a ‘personal welfare application’ for the power to make a decision for someone who lacks mental capacity. ,https://www.gov.uk/government/publications/court-of-protection-personal-welfare-application-cop-gn4,HM Courts & Tribunals Service,2017-12-01T00:00:00+00:00,2017-12-01T00:00:00+00:00,
Draft legislation accessible version,,https://www.gov.uk/government/publications/low-earners-anomaly-pensions-relief-relating-to-net-pay-arrangements/draft-legislation-accessible-version,HM Revenue & Customs,2022-07-20T15:23:53+01:00,2022-07-20T15:06:00+01:00,
Infographic: vocational and technical qualification results 2023,Infographics summarising the key trends from vocational and technical qualification (VTQ) results in 2023.,https://www.gov.uk/government/publications/infographic-vocational-and-technical-qualification-results-2023,Ofqual,2023-08-24T09:30:15+01:00,2023-08-24T09:30:15+01:00,https://www.gov.uk/education/key-stage-3-and-4-exam-marking-qualifications-and-results
Form N227: Ask for a judgment where the claim amount is unspecified,"If a defendant hasn't responded to your claim, use this form to ask the court to decide how much they should pay you, including costs.",https://www.gov.uk/government/publications/form-n227-request-for-judgment-by-default-amount-to-be-decided-by-the-court,HM Courts & Tribunals Service,2006-04-01T00:00:00+01:00,2006-04-01T00:00:00+01:00,https://www.gov.uk/crime-justice-and-law/courts-sentencing-tribunals
Taser 10: medical assessment and technical reports,"Technical testing and medical assessments for the Taser 10, a new model of conducted energy device (CED).",https://www.gov.uk/government/publications/taser-10-medical-assessment-and-technical-reports,Home Office,2025-10-02T11:00:00+01:00,2026-05-11T09:00:02+01:00,https://www.gov.uk/government/government-efficiency-transparency-and-accountability
How to apply to make property and finance decisions on someone’s behalf (including Child Trust Funds),,https://www.gov.uk/government/publications/apply-to-make-decisions-on-someones-behalf-property-and-finance-form-cop1a/how-to-apply-to-make-property-and-finance-decisions-on-someones-behalf-including-child-trust-funds,HM Courts & Tribunals Service,2024-12-17T10:16:33+00:00,2025-01-10T10:43:42+00:00,
Doing Business with Defence,,https://www.gov.uk/government/publications/mod-procurement-an-overview/doing-business-with-defence,Ministry of Defence,2023-11-20T15:30:58+00:00,2024-04-10T09:48:58+01:00,
Rough Sleeping Questionnaire 2025: Expanded findings on mental health,,https://www.gov.uk/government/publications/rough-sleeping-questionnaire-2025-findings/rough-sleeping-questionnaire-2025-expanded-findings-on-mental-health,"Ministry of Housing, Communities and Local Government",2026-02-26T10:00:05+00:00,2026-05-28T09:30:19+01:00,
School workforce census: summary specification,"Information on the scope of, and business rationale for, the school workforce census 2026.",https://www.gov.uk/government/publications/school-workforce-census-summary-specification,Department for Education,2022-07-28T00:00:00+01:00,2026-06-25T16:02:22+01:00,https://www.gov.uk/education/data-collection-and-censuses-for-schools
"Health Service Ombudsman: first report, session 2004 to 2005","This document contains the following information: Health Service Ombudsman: NHS funding for long term care: follow up report: 1st report, session 2004 to 2005",https://www.gov.uk/government/publications/health-service-ombudsman-first-report-session-2004-to-2005,The Parliamentary and Health Service Ombudsman ,2004-12-16T00:00:00+00:00,2004-12-16T00:00:00+00:00,https://www.gov.uk/health-and-social-care/social-care
Public notice: The Flashes of Wigan and Leigh NNR,,https://www.gov.uk/government/publications/the-flashes-of-wigan-and-leigh-national-nature-reserve/public-notice-the-flashes-of-wigan-and-leigh-nnr,Natural England,2022-10-03T09:30:01+01:00,2022-10-03T09:30:00+01:00,
Energy Security Bill factsheet: Powers to strengthen the energy savings opportunity scheme ,,https://www.gov.uk/government/publications/energy-security-bill-factsheets/energy-security-bill-factsheet-powers-to-strengthen-the-energy-savings-opportunity-scheme,Department for Energy Security and Net Zero,2022-08-26T09:23:57+01:00,2023-09-01T10:25:45+01:00,
Capital Allowances / Increase in rate of Structures and Buildings Allowances and technical changes,,https://www.gov.uk/government/publications/increase-in-structures-and-buildings-allowance-for-capital-allowances/capital-allowances-increase-in-rate-of-structures-and-buildings-allowances-and-technical-changes,HM Revenue & Customs,2020-03-11T13:41:42+00:00,2020-03-11T13:41:00+00:00,
UKHSA Advisory Board: Forward Look,,https://www.gov.uk/government/publications/ukhsa-advisory-board-meeting-papers-january-2025/ukhsa-advisory-board-forward-look,UK Health Security Agency,2025-01-28T17:04:31+00:00,2025-08-11T13:47:50+01:00,
Weekly statistics for NHS Test and Trace (England) and coronavirus testing (UK): 13 August to 19 August,,https://www.gov.uk/government/publications/nhs-test-and-trace-england-and-coronavirus-testing-uk-statistics-13-august-to-19-august-2020/weekly-statistics-for-nhs-test-and-trace-england-and-coronavirus-testing-uk-13-august-to-19-august,Department of Health and Social Care,2020-08-28T15:55:25+01:00,2020-08-28T15:55:24+01:00,
ISOSS hepatitis B report (for pregnancies between 1 April 2021 to 31 March 2022),,https://www.gov.uk/government/publications/idps-isoss-hepatitis-b-outcome-report-2023/isoss-hepatitis-b-report-2023,NHS England,2023-10-19T09:30:16+01:00,2025-08-05T14:43:36+01:00,
Decision on AXA 68 Ltd,,https://www.gov.uk/government/publications/company-names-tribunal-decision-axa-68-ltd/decision-on-axa-68-ltd,Company Names Tribunal,2026-07-29T07:37:22+01:00,2026-07-29T07:37:21+01:00,
January 2026 progress update: Delivering a decade of renewal for social and affordable housing,,https://www.gov.uk/government/publications/delivering-a-decade-of-renewal-for-social-and-affordable-housing/january-2026-progress-update-delivering-a-decade-of-renewal-for-social-and-affordable-housing,"Ministry of Housing, Communities and Local Government",2026-01-28T15:15:57+00:00,2026-01-28T15:15:56+00:00,
Ex-Gratia Medical Payments reviews,Guidance for former locally employed staff who were injured in the course of their service.,https://www.gov.uk/government/publications/ex-gratia-medical-payments-reviews,Ministry of Defence,2020-06-18T00:00:00+01:00,2026-07-23T10:24:58+01:00,https://www.gov.uk/defence-and-armed-forces
Pre-release access list: October to December 2025 report,,https://www.gov.uk/government/publications/pre-release-access-lists-cover-programme-quarterly-data/pre-release-access-list-october-to-december-2025-report,UK Health Security Agency,2026-03-26T09:30:19+00:00,2026-03-26T09:30:18+00:00,
DfE Update: 1 October 2025,"Latest information and actions from the Department for Education about funding, assurance and resource management, for academies, local authorities and further education providers.",https://www.gov.uk/government/publications/dfe-update-1-october-2025,Department for Education,2025-10-01T14:35:03+01:00,2025-10-01T14:35:03+01:00,https://www.gov.uk/education/further-and-higher-education-skills-and-vocational-training
Exiting major IT contracts,Guidance for government departments on exiting major IT contracts.,https://www.gov.uk/government/publications/exiting-major-it-contracts,Cabinet Office,2017-11-09T10:42:10+00:00,2017-11-09T10:42:10+00:00,https://www.gov.uk/government/government-efficiency-transparency-and-accountability
King Charles III England Coast Path on the Isle of Sheppey: Natural England's proposals,Find out about Natural England's proposals to improve coastal access in Kent.,https://www.gov.uk/government/publications/england-coast-path-on-the-isle-of-sheppey-comment-on-proposals,Natural England,2020-01-22T00:00:00+00:00,2025-03-19T00:01:04+00:00,https://www.gov.uk/environment/access-to-the-countryside
Merseyside Fire and Rescue Service,Merseyside Fire and Rescue Service’s response to the policy review paper ‘Equality Act 2010: the public sector Equality Duty: reducing bureaucracy…,https://www.gov.uk/government/publications/merseyside-fire-and-rescue-service--2,Government Equalities Office,2011-08-19T01:00:00+01:00,2011-08-19T01:00:00+01:00,https://www.gov.uk/society-and-culture/equality
The Royal Mint annual report and accounts 2009 to 2010,This document contains the following information: The Royal Mint annual report and accounts 2009 to 2010.,https://www.gov.uk/government/publications/the-royal-mint-annual-report-and-accounts-2009-to-2010,Royal Mint,2010-07-26T01:00:00+01:00,2010-07-26T01:00:00+01:00,https://www.gov.uk/government/government-efficiency-transparency-and-accountability
Relief at source pension schemes newsletter - December 2018,This relief at source pension schemes newsletter published by HMRC in December 2018 contains updates and guidance on pension schemes.,https://www.gov.uk/government/publications/relief-at-source-pension-schemes-newsletter-december-2018,HM Revenue & Customs,2018-12-05T10:51:00+00:00,2018-12-05T10:51:00+00:00,https://www.gov.uk/money/pension-scheme-administration
"Letter from Lord Nash to Chris Cook, Discovery New School",Notification of DfE plans to terminate the funding agreement supporting the school.,https://www.gov.uk/government/publications/letter-from-lord-nash-to-chris-cook-discovery-new-school,Department for Education,2013-12-13T12:51:43+00:00,2013-12-13T12:51:43+00:00,https://www.gov.uk/education/inspection-of-maintained-schools-and-academies
Post-16 education: funding and expenditure review,Research examining data and evidence for countries with similar vocational education systems to the new system proposed in England. ,https://www.gov.uk/government/publications/post-16-education-funding-and-expenditure-review,Department for Education,2017-07-27T15:31:00+01:00,2017-07-27T15:31:00+01:00,https://www.gov.uk/education/further-education-funding
"Part 2, section 2: the diversity of our workforce in key areas",,https://www.gov.uk/government/publications/hmrc-compliance-with-public-sector-equality-duties-2016-to-2017/part-2-hmrc-workforce-diversity-data-2016-to-2017-section-2-the-diversity-of-our-workforce-in-key-areas,HM Revenue & Customs,2018-01-18T09:31:06+00:00,2018-01-18T09:30:44+00:00,
DSA annual assurance report April 2016 to March 2017,Defence Safety Authority annual assurance report for the period April 2016 to March 2017.,https://www.gov.uk/government/publications/dsa-annual-assurance-report-april-2016-to-march-2017,Ministry of Defence,2017-10-31T12:00:07+00:00,2017-10-31T12:00:07+00:00,
Business and commercial occupation sheets,Casework instructions for how UK Visas and Immigration decides business and commercial work permit applications for working in the UK.,https://www.gov.uk/government/publications/business-and-commercial-occupation-sheets,UK Visas and Immigration,2008-10-09T00:00:00+01:00,2008-10-09T00:00:00+01:00,https://www.gov.uk/entering-staying-uk/work-and-investor-visas
Company Names Tribunal decision: Wavex Solutions Ltd,"Decision for applicant Wavex Technology Ltd against registration number 13381653, applicant successful.",https://www.gov.uk/government/publications/company-names-tribunal-decision-wavex-solutions-ltd,Company Names Tribunal,2022-02-09T11:08:36+00:00,2022-02-09T11:08:36+00:00,https://www.gov.uk/business-and-industry/company-names
Psychoactive substances in secure mental health settings,This review summarises the latest evidence and makes recommendations for secure mental health service commissioners and providers.,https://www.gov.uk/government/publications/psychoactive-substances-in-secure-mental-health-settings,Public Health England,2017-09-25T16:56:00+01:00,2017-09-25T16:56:00+01:00,https://www.gov.uk/health-and-social-care/mental-health
Removal of LPG tanks: guidance,"Guidance for authorised treatment facilities on how to safely remove LPG tanks from end of life vehicles.
",https://www.gov.uk/government/publications/removal-of-lpg-tanks-guidance,Department for Energy Security and Net Zero,2011-05-04T01:00:00+01:00,2011-05-04T01:00:00+01:00,https://www.gov.uk/business-and-industry/regulation-reform
A Thematic Inspection of IPP Recall Decisions,HMI Probation's thematic inspection of IPP recall decisions.,https://www.gov.uk/government/publications/a-thematic-inspection-of-ipp-recall-decisions,HM Prison and Probation Service,2024-01-04T00:00:00+00:00,2025-02-04T12:38:58+00:00,https://www.gov.uk/crime-justice-and-law/prisons-probation
"Her Majesty's Inspectorate of Constabulary (HMIC) files for Hampshire, Hertfordshire, Merseyside and Surrey Forces from 1976","11592

Request for access to each of the 1976 Her Majesty’s Inspectorate of Constabulary (HMIC) files for Hampshire, Hertfordshire, Merseyside…",https://www.gov.uk/government/publications/her-majestys-inspectorate-of-constabulary-hmic-files-for-hampshire-hertfordshire-merseyside-and-surrey-forces-from-1976,Home Office,2009-06-05T01:00:00+01:00,2009-06-05T01:00:00+01:00,
Overstayers found and removed from the UK between 2008 and 2012,Data on numbers of individuals from five south east Asian countries who were identified as overstayers and removed between 1 January 2008 and 31 December 2012.   ,https://www.gov.uk/government/publications/overstayers-found-and-removed-from-the-uk-between-2008-and-2012,Home Office,2013-10-04T11:12:00+01:00,2013-10-04T11:12:00+01:00,
Russia: 2015 Budget,,https://www.gov.uk/government/publications/russia-2015-budget/russia-2015-budget,Foreign & Commonwealth Office,2016-07-29T13:16:10+01:00,2014-09-29T10:05:00+01:00,
Competition guidance for agri-tech Catalyst round 8: agriculture and food systems innovation,UK businesses and research organisations can apply for a share of up to £3 million from DFID and Global Challenges Research Fund (GCRF) for projects with partners in eligible African countries.,https://www.gov.uk/government/publications/competition-guidance-for-agri-tech-catalyst-round-8-agriculture-and-food-systems-innovation,Innovate UK,2019-03-18T09:45:00+00:00,2019-04-10T14:17:39+01:00,https://www.gov.uk/business-and-industry/research-and-development
Carbon Emissions Reduction Target: estimating the effect of the on the fuel poor,The Carbon Emissions Reduction Target (CERT) is one of the Government?s key mechanisms for improving the energy efficiency of the housing stock…,https://www.gov.uk/government/publications/carbon-emissions-reduction-target-estimating-the-effect-of-the-on-the-fuel-poor,Department of Energy & Climate Change,2011-10-13T01:00:00+01:00,2011-10-13T01:00:00+01:00,https://www.gov.uk/housing-local-and-community/household-energy
Protocol for cross-border healthcare between England and Wales,"Jointly agreed principles for cross-border healthcare for health policy making in England and Wales.
",https://www.gov.uk/government/publications/protocol-for-cross-border-healthcare-between-england-and-wales,Department of Health and Social Care,2013-08-02T16:04:07+01:00,2013-08-02T16:04:07+01:00,https://www.gov.uk/health-and-social-care/national-health-service
UK - Pakistan Trade and Investment Roadmap,This trade and investment roadmap builds on longstanding UK and Pakistan bilateral trade and investment agreements dating back to 1994. ,https://www.gov.uk/government/publications/uk-pakistan-trade-and-investment-roadmap,Foreign & Commonwealth Office,2014-04-30T19:21:00+01:00,2014-04-30T19:21:00+01:00,https://www.gov.uk/international/uk-prosperity-and-security-asia-latin-america-and-africa
Agreement between the UK and Saudi Arabia on the transfer of sentenced persons,"This document contains the following information: Agreement between the UK and Saudi Arabia on the transfer of sentenced persons: Riyadh, 2 January 2012.",https://www.gov.uk/government/publications/agreement-between-the-uk-and-saudi-arabia-on-the-transfer-of-sentenced-persons,Foreign & Commonwealth Office,2012-02-07T00:00:00+00:00,2012-02-07T00:00:00+00:00,https://www.gov.uk/crime-justice-and-law
Survey results: are patients offered a choice of outpatient appointments?,"In this survey, NHS patients were asked if their GPs offered them a choice about where to receive treatment. ",https://www.gov.uk/government/publications/survey-results-are-patients-offered-a-choice-of-outpatient-appointments,Monitor,2014-08-07T00:15:59+01:00,2014-08-07T00:15:59+01:00,https://www.gov.uk/health-and-social-care/national-health-service
Community pharmacy reforms,Details changes to the pharmacy sector and contractual framework from December 2016.,https://www.gov.uk/government/publications/community-pharmacy-reforms,Department of Health and Social Care,2016-10-20T12:01:00+01:00,2017-12-21T11:01:37+00:00,https://www.gov.uk/health-and-social-care/nhs-efficiency
Terminate or fully implement voluntary arrangement for a Scottish company: CVA4 (Scot),"Tell Companies House about the termination or full implementation of voluntary arrangement, for a company registered in Scotland.",https://www.gov.uk/government/publications/terminate-or-fully-implement-voluntary-arrangement-for-a-scottish-company-cva4-scot,Companies House,2019-04-06T08:00:01+01:00,2019-04-06T08:00:01+01:00,https://www.gov.uk/business-and-industry/company-closure-administration-liquidation-and-insolvency
"BEIS: workforce management information, July 2017","<div class=""govspeak""><p>The Department for Business, Energy and Industrial Strategy (BEIS) publishes details about staff numbers and payroll costs for payroll and non-payroll staff on a monthly basis.</p>
</div>",https://www.gov.uk/government/publications/beis-workforce-management-information-july-2017,"Department for Business, Energy & Industrial Strategy",2018-03-08T09:30:16+00:00,2018-03-08T09:30:16+00:00,https://www.gov.uk/government/government-efficiency-transparency-and-accountability
Windrush Compensation Scheme data: February 2024,"<div class=""govspeak""><p>This document contains data on:</p>

<ul>
  <li>number of Windrush Compensation Scheme claims received</li>
  <li>breakdown of claims by country of residence</li>
  <li>breakdown of claims by country of nationality</li>
  <li>number of people referred by the Windrush Compensation Scheme to the claimant assistance provider</li>
  <li>value of Windrush Compensation Scheme payments made</li>
  <li>number of negative outcomes</li>
  <li>volume of tier one and tier two reviews and outcome volumes</li>
</ul>
</div>",https://www.gov.uk/government/publications/windrush-compensation-scheme-data-february-2024,Home Office,2024-04-11T10:00:05+01:00,2024-04-11T10:00:05+01:00,https://www.gov.uk/government/government-efficiency-transparency-and-accountability
FOI release: Soho Home LTD,This Freedom of Information request relates to a purchase made from Soho Home LTD.,https://www.gov.uk/government/publications/foi-release-soho-home-ltd,FCDO Services ,2026-01-20T14:19:49+00:00,2026-01-20T14:19:49+00:00,https://www.gov.uk/government/government-efficiency-transparency-and-accountability
Remuneration and Staff Report,This Report is part of the Accountability Report included in the Government Legal Department Annual Report and Accounts 2021-22,https://www.gov.uk/government/publications/remuneration-and-staff-report,Government Legal Department,2022-06-09T17:42:00+01:00,2022-06-09T17:42:00+01:00,https://www.gov.uk/government/government-efficiency-transparency-and-accountability
Decision on Blackrock Global Consultancy Ltd,,https://www.gov.uk/government/publications/company-names-tribunal-decision-blackrock-global-consultancy-ltd/decision-on-blackrock-global-consultancy-ltd,Company Names Tribunal,2023-05-24T13:42:41+01:00,2023-08-02T11:35:00+01:00,
PHE screening publications: production and review,This process explains how Public Health England (PHE) Screening produces publications for professionals and the public. ,https://www.gov.uk/government/publications/phe-screening-publications-production-and-review,Public Health England,2016-11-28T09:30:00+00:00,2018-12-21T11:58:28+00:00,https://www.gov.uk/health-and-social-care/population-screening-programmes-abdominal-aortic-aneurysm
Decision for MTC London Logistics LTD,Written Decision of the Traffic Commissioner for the South East and Metropolitan area for MTC London Logistics LTD and former Transport Manager Iulian Bujorean ,https://www.gov.uk/government/publications/decision-for-mtc-london-logistics-ltd,Traffic Commissioners for Great Britain,2025-01-16T16:29:03+00:00,2025-01-16T16:29:03+00:00,https://www.gov.uk/transport/professional-driving-of-lorries-buses-and-coaches
Cloud Security Guidance: IaaS Consumer Guide,Recommendations that consumers of Infrastructure as a Service (Iaas) offerings should consider in order to use them securely.,https://www.gov.uk/government/publications/cloud-security-guidance-iaas-consumer-guide,CESG,2014-08-14T10:51:00+01:00,2014-08-14T10:51:00+01:00,
"Overspeeding at Grantham South Junction, 26 September 2025",,https://www.gov.uk/government/publications/safety-digest-052026-grantham-south-junction/overspeeding-at-grantham-south-junction-26-september-2025,Rail Accident Investigation Branch,2026-05-06T10:00:05+01:00,2026-05-06T10:00:00+01:00,
DRO guidance for Approved Intermediaries,,https://www.gov.uk/government/publications/intermediary-guidance-notes-v15-dro2-guidance-for-approved-intermediaries/dro-guidance-for-approved-intermediaries,The Insolvency Service,2022-04-07T14:26:43+01:00,2024-06-28T00:01:01+01:00,
Public hearing decision in the case of Stewart Diamond,You will find attached the decision following the application for the parole hearing of Stewart Diamond to allow the public to observe the hearing.,https://www.gov.uk/government/publications/public-hearing-decision-in-the-case-of-stewart-diamond,Parole Board,2025-12-19T09:21:12+00:00,2025-12-19T09:21:12+00:00,https://www.gov.uk/crime-justice-and-law/justice-system-transparency
A Guide for Appellants (Notice Appeals),,https://www.gov.uk/government/publications/notice-appeal-appeal-form/a-guide-for-appellants-notice-appeals,Planning Inspectorate,2021-06-04T08:12:40+01:00,2025-12-08T07:46:30+00:00,
Government response to the Communities and Local Government Select Committee’s report: implementation of welfare reform by local authorities,This publication sets out the government’s response to the Select Committee’s report: implementation of welfare reform by local authorities.,https://www.gov.uk/government/publications/government-response-to-the-communities-and-local-government-select-committees-report-implementation-of-welfare-reform-by-local-authorities,"Ministry of Housing, Communities & Local Government (2018 to 2021)",2013-06-06T15:24:00+01:00,2013-06-06T15:24:00+01:00,https://www.gov.uk/regional-and-local-government/local-government-spending
Request for information about events relating to a UK trade mark,Use this form to request notification and information about specific events relating to a UK trade mark.,https://www.gov.uk/government/publications/request-for-information-about-events-relating-to-a-uk-trade-mark,Intellectual Property Office,2013-02-16T00:00:00+00:00,2026-04-01T00:01:05+01:00,https://www.gov.uk/business/trade-marks
FOI release: UK nationals illegally smuggling people out of France,British nationals involved in human trafficking from France 2011 to 2015.,https://www.gov.uk/government/publications/foi-release-uk-nationals-illegally-smuggling-people-out-of-france,Foreign & Commonwealth Office,2015-09-04T11:00:31+01:00,2015-09-04T11:00:31+01:00,https://www.gov.uk/government/government-efficiency-transparency-and-accountability
DfE Update academies: 28 January 2026,,https://www.gov.uk/government/publications/dfe-update-28-january-2026--2/dfe-update-academies-28-january-2026,Department for Education,2026-01-28T12:45:39+00:00,2026-01-28T12:45:39+00:00,
Summary of business appointment applications - Lt Gen Thomas Beckett,,https://www.gov.uk/government/publications/beckett-thomas-defence-senior-adviser-middle-east-ministry-of-defence-acoba-recommendation/summary-of-business-appointment-applications-lt-gen-thomas-beckett,Advisory Committee on Business Appointments,2018-01-30T11:26:08+00:00,2018-10-23T15:25:13+01:00,
"UKEF: spend over £25,000, July 2022","<div class=""govspeak""><p>HM Treasury requires that all central government departments publish details of their spending for transactions over £25,000.</p>

<p>UK Export Finance publishes details of invoices on a monthly basis.</p>
</div>",https://www.gov.uk/government/publications/ukef-spend-over-25000-july-2022,UK Export Finance,2022-10-05T13:41:06+01:00,2022-10-05T13:41:06+01:00,https://www.gov.uk/government/government-efficiency-transparency-and-accountability
Remit and recommendations for the Financial Policy Committee: Budget 2021,Letter from the Chancellor of the Exchequer to the Governor of the Bank of England providing the remit and recommendations for the Financial Policy Committee (FPC) for 2021.,https://www.gov.uk/government/publications/remit-and-recommendations-for-the-financial-policy-committee-budget-2021,HM Treasury,2021-03-03T00:00:00+00:00,2021-03-03T00:00:00+00:00,https://www.gov.uk/government/government-efficiency-transparency-and-accountability
Tees Valley hydrogen transport hub: successful bidders,,https://www.gov.uk/government/publications/tees-valley-hydrogen-transport-hub-successful-bidders/tees-valley-hydrogen-transport-hub-successful-bidders,Department for Transport,2024-03-21T16:00:02+00:00,2024-03-21T00:00:00+00:00,
Mandatory qualification for SENCOs,Information about the mandatory qualifications special educational needs co-ordinators (SENCOs) must gain within 3 years of taking up their post. ,https://www.gov.uk/government/publications/mandatory-qualification-for-sencos,Department for Education,2023-07-05T00:00:00+01:00,2024-09-12T14:17:53+01:00,https://www.gov.uk/education/school-leadership
Patent decision - 0/096/81,Decision outcome on application for Patent no 7837177.,https://www.gov.uk/government/publications/patent-decision-009681,Intellectual Property Office,1981-06-16T00:00:00+01:00,1981-06-16T00:00:00+01:00,
NHS pension provision,Includes guidance on NHS Pension Scheme (NHSPS) arrangements for public health staff who transferred to local authorities on 1 April 2013.,https://www.gov.uk/government/publications/nhs-pension-provision--2,Department of Health and Social Care,2013-07-25T10:23:25+01:00,2013-07-25T10:23:25+01:00,https://www.gov.uk/health-and-social-care/national-health-service
Pyramid selling: advice for the public and communities,"A 60-second summary on how to spot pyramid selling, avoid the risks of participating in it and report it.",https://www.gov.uk/government/publications/pyramid-selling-advice-for-the-public-and-communities,Competition and Markets Authority,2014-10-13T17:47:00+01:00,2014-10-13T17:47:00+01:00,https://www.gov.uk/business/competition-law
Regulatory Article (RA) 4605: compressed gas cylinders having an airborne application,"RA withdrawn, this is TAE 5000 Series activity and is covered by RA 5401 and ISTA.",https://www.gov.uk/government/publications/regulatory-article-ra-4605-compressed-gas-cylinders-having-an-airborne-application,Ministry of Defence,2014-11-27T16:53:00+00:00,2019-11-29T17:44:11+00:00,https://www.gov.uk/defence-and-armed-forces
Defence fire training: operational breathing apparatus wearer assessment,Defence fire training for firefighters who are wearers of operational breathing apparatus to ensure competency in the discipline.,https://www.gov.uk/government/publications/defence-fire-training-operational-breathing-apparatus-wearer-assessment,Ministry of Defence,2015-07-16T17:16:00+01:00,2016-05-18T16:07:45+01:00,https://www.gov.uk/defence-and-armed-forces
"HM Treasury Senior Officials Travel Expenses, Hospitality and the Permanent Secretaries Meetings with External Organisations: January to March 2021","<div class=""govspeak""><p>This report shows international travel and accommodation used by HM Treasury senior officials at Senior Civil Service 2 (SCS2) (or equivalent) and above. The report includes bookings made through departments’ central booking systems. This will include the majority of travel undertaken. However, individuals may have booked a small number of journeys through other systems. Work is ongoing to ensure that this data is incorporated into future reports.</p>

<p>Some data may have been redacted if it was deemed that publishing it could impact on national or personal security.</p>

<p>During the transition from the previous reporting systems, please be aware that some travel data for civil servants at SCS3 and above is still published on <a rel=""external"" href=""https://www.data.gov.uk"">www.data.gov.uk</a>.</p>
</div>",https://www.gov.uk/government/publications/hm-treasury-senior-officials-travel-expenses-hospitality-and-the-permanent-secretaries-meetings-with-external-organisations-january-to-march-2021,HM Treasury,2021-07-15T14:00:00+01:00,2021-07-29T14:48:15+01:00,https://www.gov.uk/government/government-efficiency-transparency-and-accountability
Trade and Agriculture Commission: Final Report (executive summary),,https://www.gov.uk/government/publications/trade-and-agriculture-commission-tac/trade-and-agriculture-commission-final-report-executive-summary,Department for International Trade,2021-03-02T09:19:37+00:00,2021-03-12T08:36:48+00:00,
Health and Care Bill: improving accountability and ensuring public confidence – NHS accountability measures,,https://www.gov.uk/government/publications/health-and-care-bill-factsheets/health-and-care-bill-improving-accountability-and-ensuring-public-confidence-nhs-accountability-measures,Department of Health and Social Care,2021-07-19T17:59:10+01:00,2022-03-10T16:39:45+00:00,
"MHCLG: workforce management information, February 2018","<div class=""govspeak""><p>The Ministry of Housing, Communities and Local Government publishes details about headcount and payroll costs for permanent staff and contractors on a monthly basis.</p>
</div>",https://www.gov.uk/government/publications/mhclg-workforce-management-information-february-2018,"Ministry of Housing, Communities & Local Government (2018 to 2021)",2018-04-13T10:05:25+01:00,2018-04-13T10:05:25+01:00,
Does this person hold public liability insurance?,,https://www.gov.uk/government/publications/does-this-person-hold-public-liability-insurance/does-this-person-hold-public-liability-insurance,Security Industry Authority,2021-06-15T09:38:18+01:00,2021-06-15T09:38:18+01:00,
IIAC annual report: 2023 to 2024,,https://www.gov.uk/government/publications/iiac-annual-report-2023-to-2024/iiac-annual-report-2023-to-2024,Industrial Injuries Advisory Council,2024-10-10T15:25:08+01:00,2024-10-10T15:25:07+01:00,
Competition guidance for SBRI: Thistle Assistance app to help people with disability use public transport,"Organisations can apply for a share of £150,000, including VAT, to develop a mobile app to help people with disabilities when travelling on public transport.",https://www.gov.uk/government/publications/competition-guidance-for-sbri-thistle-assistance-app-to-help-people-with-disability-use-public-transport,Innovate UK,2018-11-05T09:30:00+00:00,2018-11-05T09:30:00+00:00,https://www.gov.uk/transport/help-on-public-transport
UKHSA Advisory Board: 19 November 2024 minutes,,https://www.gov.uk/government/publications/ukhsa-advisory-board-meeting-papers-january-2025/ukhsa-advisory-board-19-november-2024-minutes,UK Health Security Agency,2025-01-28T17:04:29+00:00,2025-08-11T13:47:50+01:00,
MIN 575 ILO work in fishing convention medical certification grandfather rights,Amendment 1 Fishermen will be required to hold a medical fitness certificate to work on a fishing vessel. This requirement will be phased in until 2023.,https://www.gov.uk/government/publications/min-575-ilo-work-in-fishing-convention-medical-certification-grandfather-rights,Maritime and Coastguard Agency,2021-12-14T18:17:00+00:00,2021-12-14T18:17:00+00:00,https://www.gov.uk/transport/fishing
TQ Assessment Timetable: guide to the data submission process,,https://www.gov.uk/government/publications/tq-assessment-timetable-guide-to-the-data-submission-process/tq-assessment-timetable-guide-to-the-data-submission-process,Ofqual,2025-09-10T12:41:01+01:00,2025-09-10T00:00:00+01:00,
Detained Asylum Casework (DAC) – asylum process (accessible),,https://www.gov.uk/government/publications/asylum-claims-in-detention/detained-asylum-casework-dac-asylum-process-accessible,UK Visas and Immigration,2024-12-20T15:34:05+00:00,2024-12-20T15:34:05+00:00,
Scottish Income Tax outturn reconciliation for 2021-22,,https://www.gov.uk/government/publications/scottish-income-tax-outturn-reconciliation-for-2021-22/scottish-income-tax-outturn-reconciliation-for-2021-22,HM Treasury,2023-07-06T10:00:34+01:00,2023-07-06T10:00:34+01:00,
Foreign Influence Registration Scheme: guidance for business,Provides information for businesses on how to comply with the Foreign Influence Registration Scheme.,https://www.gov.uk/government/publications/foreign-influence-registration-scheme-guidance-for-business,Home Office,2025-04-01T00:00:00+01:00,2025-07-22T11:50:06+01:00,https://www.gov.uk/government/national-security
Variation issued: Sunday 26 May 2024,,https://www.gov.uk/government/publications/fishing-vessel-licence-variations/variation-issued-sunday-26-may-2024,Marine Management Organisation,2024-05-24T12:22:25+01:00,2026-07-30T09:22:55+01:00,
"Second meeting agenda: Specialised Committee on Law Enforcement and Judicial Cooperation, 13 October 2022",,https://www.gov.uk/government/publications/specialised-committee-on-law-enforcement-and-judicial-cooperation-minutes-and-agenda/second-meeting-agenda-specialised-committee-on-law-enforcement-and-judicial-cooperation-13-october-2022--2,Home Office,2023-03-09T12:00:07+00:00,2026-06-03T11:00:01+01:00,
Residence rights under the Withdrawal Agreement,Home Office implementation of the judgment in R (IMA) v Secretary of State for the Home Department [2022] EWHC 3274 (Admin).,https://www.gov.uk/government/publications/residence-rights-under-the-withdrawal-agreement,Home Office,2025-01-16T12:51:14+00:00,2025-01-16T12:51:14+00:00,https://www.gov.uk/entering-staying-uk/rights-eu-eea-citizens
Rossington Miners’ Welfare Scheme: Inquiry report,Rossington Miners’ Welfare Scheme: Charity Commission inquiry.,https://www.gov.uk/government/publications/rossington-miners-welfare-scheme-inquiry-report,The Charity Commission,2016-04-13T10:00:18+01:00,2016-04-13T10:00:18+01:00,https://www.gov.uk/society-and-culture/community-and-society
"Patient Level Information and Costing Systems (PLICS), and Reference Costs Best Practice Guide","Patient Level Information and Costing Systems (PLICS), and Reference Costs Best Practice Guide.",https://www.gov.uk/government/publications/patient-level-information-and-costing-systems-plics-and-reference-costs-best-practice-guide,Department of Health and Social Care,2011-05-09T01:00:00+01:00,2011-05-09T01:00:00+01:00,https://www.gov.uk/health-and-social-care/national-health-service
Acquisition of Land Act 1981: Section 19 Certificate Applications,,https://www.gov.uk/government/publications/appropriation-or-compulsory-purchase-of-certain-types-of-land-including-common-land-or-town-or-village-green/acquisition-of-land-act-1981-section-19-certificate-applications,Planning Inspectorate,2021-06-02T14:14:45+01:00,2025-12-01T08:00:03+00:00,
Traffic signs working drawings: TSRGD 2016 schedule 8,"Traffic signs indicating pedestrian zones, cycle zones and charging schemes.",https://www.gov.uk/government/publications/traffic-signs-working-drawings-tsrgd-2016-schedule-8,Department for Transport,2016-04-22T09:00:00+01:00,2016-04-22T09:00:00+01:00,https://www.gov.uk/transport/traffic-signs-signals-and-markings
Civic University Network: Grant awarded under Charities Act 2006,Report on the Civic University Network grant awarded under Section 70 of the Charities Act 2006 by the Department for Education.,https://www.gov.uk/government/publications/civic-university-network-grant-awarded-under-charities-act-2006,Department for Education,2022-01-27T10:09:00+00:00,2022-01-27T10:09:00+00:00,https://www.gov.uk/corporate-information
EHIC incentive scheme,Frequently asked questions on the EHIC incentive scheme for NHS organisations.,https://www.gov.uk/government/publications/ehic-incentive-scheme,Department of Health and Social Care,2018-08-01T14:41:08+01:00,2018-08-01T14:41:08+01:00,https://www.gov.uk/health-and-social-care/nhs-efficiency
Part 1 Claim: A46 Ashchurch Garden Centre S278 scheme,Notice of period for filing claims between 26 August 2023 and 25 August 2029 for land depreciation as a result of the A46 Ashchurch Garden Centre S278 scheme.,https://www.gov.uk/government/publications/part-1-claim-a46-ashchurch-garden-centre-s278-scheme,National Highways,2024-03-08T09:14:04+00:00,2024-03-08T09:14:04+00:00,https://www.gov.uk/transport/property-affected-by-roadworks-and-streetworks
"Chapter 6, section 6: business applications under Turkish-EC agreements","Chapter 6, section 6 of the immigration directorate instructions deals with business applications under Turkish-EC association agreement.",https://www.gov.uk/government/publications/chapter-6-section-6-business-applications-under-turkish-ec-agreements,UK Visas and Immigration,2013-12-03T00:00:00+00:00,2013-12-03T00:00:00+00:00,https://www.gov.uk/entering-staying-uk
ESFA Update: 30 September 2020,"Latest information and actions from the Education and Skills Funding Agency for academies, schools, colleges, local authorities and further education providers.",https://www.gov.uk/government/publications/esfa-update-30-september-2020,Education and Skills Funding Agency,2020-09-30T13:22:00+01:00,2020-09-30T13:22:00+01:00,https://www.gov.uk/education/further-and-higher-education-skills-and-vocational-training
Import of services among VAT-unregistered businesses 2018,Research investigating the scale of services imported by VAT-unregistered businesses from both inside and outside the European Union (EU).,https://www.gov.uk/government/publications/import-of-services-among-vat-unregistered-businesses-2018,HM Revenue & Customs,2025-07-15T16:00:02+01:00,2025-07-15T16:00:02+01:00,https://www.gov.uk/money/vat
Decision on Tuv Rheinland Ireland Limited,,https://www.gov.uk/government/publications/company-names-tribunal-decision-tuv-rheinland-ireland-limited/decision-on-tuv-rheinland-ireland-limited,Company Names Tribunal,2025-05-08T13:58:18+01:00,2025-06-17T14:25:42+01:00,
Phase 2 remedies form,Remedies form to be completed by merger parties for proposing remedies during a phase 2 merger inquiry.,https://www.gov.uk/government/publications/phase-2-remedies-form,Competition and Markets Authority,2024-04-25T13:01:02+01:00,2024-04-25T13:01:02+01:00,https://www.gov.uk/business/competition-mergers
Severe Disability Group test: information for clinicians,,https://www.gov.uk/government/publications/severe-disability-group-test-information-for-clinicians/severe-disability-group-test-information-for-clinicians,Department for Work and Pensions,2024-02-19T13:42:31+00:00,2024-04-17T12:23:06+01:00,
Freedom of Information responses from the MHRA - week commencing 5 December 2022,The Medicines and Healthcare products Regulatory Agency (MHRA) responses to freedom of information (FOI) requests for week commencing 5 December 2022.,https://www.gov.uk/government/publications/freedom-of-information-responses-from-the-mhra-week-commencing-5-december-2022,Medicines and Healthcare products Regulatory Agency,2024-01-17T15:27:03+00:00,2024-01-17T15:27:03+00:00,https://www.gov.uk/health-and-social-care/medicines-medical-devices-blood
DWP: prompt payment data 1 April 2021 to 31 March 2022,"<div class=""govspeak""><p>The percentage of invoices paid by the Department for Work and Pensions (<abbr title=""Department for Work and Pensions"">DWP</abbr>) within 5 days and within 30 days of receipt. The data is in yearly quarters.</p>

</div>",https://www.gov.uk/government/publications/dwp-prompt-payment-data-1-april-2021-to-31-march-2022,Department for Work and Pensions,2021-07-30T12:38:00+01:00,2022-05-26T09:30:09+01:00,https://www.gov.uk/government/government-efficiency-transparency-and-accountability
Early career framework induction evaluation,"Research reports presenting findings from a process evaluation of the national rollout of the early career framework (ECF) induction programmes.
",https://www.gov.uk/government/publications/early-career-framework-induction-evaluation,Department for Education,2022-05-26T00:00:00+01:00,2025-05-29T16:00:00+01:00,https://www.gov.uk/education/teacher-training-and-professional-development
Security Classifications: sample variation agreement,Government procurers and contract managers can use this sample variation agreement as the new security classification scheme comes into force on 2 April 2014.,https://www.gov.uk/government/publications/security-classifications-sample-variation-agreement,Cabinet Office,2014-02-12T17:34:48+00:00,2014-02-12T17:34:48+00:00,https://www.gov.uk/government/government-efficiency-transparency-and-accountability
Stability information book: appendix D (passenger ships),Recommended operational information for masters to assess vessel stability.,https://www.gov.uk/government/publications/stability-information-book-appendix-d-passenger-ships,Maritime and Coastguard Agency,2014-05-01T15:16:00+01:00,2014-05-01T15:16:00+01:00,https://www.gov.uk/business-and-industry/uk-economy
Energy Security Bill factsheet: Energy Company Obligation buy-out mechanism,,https://www.gov.uk/government/publications/energy-security-bill-factsheets/energy-security-bill-factsheet-energy-company-obligation-buy-out-mechanism,Department for Energy Security and Net Zero,2022-07-20T15:26:24+01:00,2023-09-01T10:25:45+01:00,
Information about package holiday refunds and cancellations ,,https://www.gov.uk/government/publications/package-holiday-refunds-and-cancellations/information-about-package-holiday-refunds-and-cancellations,Competition and Markets Authority,2021-05-14T12:01:18+01:00,2021-05-14T12:01:18+01:00,
HMG spending moratoria advertising November 2010 to June 2013,"<div class=""govspeak""><p>HMG spending moratoria advertising November 2010 to June 2013</p>
</div>",https://www.gov.uk/government/publications/hmg-spending-moratoria-advertising-november-2010-to-june-2013,Department for International Development,2013-09-06T10:56:16+01:00,2013-09-06T10:56:16+01:00,
Public hearing decision in the case of Glynn Kenyon,"You will find attached the decision following the application for the parole hearing of Glynn Kenyon to allow the public to observe the hearing.

",https://www.gov.uk/government/publications/public-hearing-decision-in-the-case-of-glynn-kenyon,Parole Board,2025-07-31T00:00:00+01:00,2025-07-31T00:00:00+01:00,https://www.gov.uk/crime-justice-and-law/justice-system-transparency
NHS foundation trust bulletin: 23 September 2015,Notices of requirements and events for foundation trust staff.,https://www.gov.uk/government/publications/ft-bulletin-23-september,Monitor,2015-09-23T12:51:00+01:00,2015-09-23T12:51:00+01:00,https://www.gov.uk/health-and-social-care/national-health-service
"Home Office spending over £25,000: 2018","<div class=""govspeak""><h2 id=""for-home-office-and-uk-visas-and-immigration-data-only"">For Home Office and UK Visas and Immigration data only</h2>

<h3 id=""transaction-date"">Transaction date</h3>

<p>Grant data uses the accounting date - this may vary from payment date by no more than 3 days.</p>

<p>The invoice date is shown, instead of payment date, for most payments to other government departments.</p>

<h3 id=""credit-notes"">Credit notes</h3>

<p>Credit notes relating to goods and services are included from February 2011 onward.</p>

<h3 id=""expense-type"">Expense type</h3>

<p>With the exception of grants, the description of expense type for this data has been drawn from ‘purchasing category’, instead of account code. The purchasing category gives a more detailed description of the type of expense. Where an invoice is paid centrally, and is subsequently re-allocated to individual business areas, and the system does not allocate a purchasing category, we have added a purchasing description.</p>

<h3 id=""spend-within-performance-and-finance-directorate"">Spend within performance and finance directorate</h3>

<p>This directorate in particular has several items of spend that are allocated to it in the first instance, prior to subsequent re-allocation. These are marked as PFD*.</p>

<h3 id=""office-for-security-and-counter-terrorism"">Office for security and counter-terrorism</h3>

<p>The nature of the spend within this directorate is sensitive, which has resulted in much of the information being exempt from publication under the same exemptions as would apply for freedom of information requests.</p>
</div>",https://www.gov.uk/government/publications/home-office-spending-over-25000-2018,Home Office,2018-09-18T00:00:00+01:00,2024-02-15T11:09:09+00:00,https://www.gov.uk/government/government-efficiency-transparency-and-accountability
Department for Communities and Local Government memorandum: post legislative scrutiny Planning Act 2008,Provides the post legislative scrutiny assessment of the Act and reflects changes brought under the Localism Act 2011 and Growth and Infrastructure Act 2013.,https://www.gov.uk/government/publications/department-for-communities-and-local-government-memorandum-post-legislative-scrutiny-planning-act-2008,"Ministry of Housing, Communities & Local Government (2018 to 2021)",2013-10-21T00:00:00+01:00,2013-10-21T00:00:00+01:00,https://www.gov.uk/housing-local-and-community/planning-system
"The Khan Review: executive summary, key findings and recommendations",,https://www.gov.uk/government/publications/the-khan-review-threats-to-social-cohesion-and-democratic-resilience/the-khan-review-executive-summary-key-findings-and-recommendations,"Department for Levelling Up, Housing and Communities ",2024-03-25T00:01:09+00:00,2024-03-25T00:00:00+00:00,
Infrastructure client group,Collaboration between government and industry to support the development and exchange of best practice and delivery improvement.,https://www.gov.uk/government/publications/infrastructure-client-group,HM Treasury,2014-10-01T13:00:00+01:00,2015-12-18T11:34:19+00:00,https://www.gov.uk/business-and-industry/uk-economy
Particles in the Environment Annual Report - Update Q3 2016/17,This report is the third quarter update on Sellafield Ltd's 'Particles in the Environment Annual Report'.,https://www.gov.uk/government/publications/particles-in-the-environment-annual-report-update-q3-201617,Sellafield Ltd,2016-09-01T09:00:00+01:00,2016-09-01T09:00:00+01:00,
Hearing impairment (archived),,https://www.gov.uk/government/publications/special-educational-needs-sen-guide-for-service-families/hearing-impairment,Ministry of Defence,2016-10-20T16:35:20+01:00,2014-08-06T11:25:00+01:00,
School resource management adviser (SRMA) pilot evaluation,An evaluation report about the pilot programme to provide tailored advice to academy trusts and schools on effective resource management.,https://www.gov.uk/government/publications/school-resource-management-adviser-srma-pilot-evaluation,Education and Skills Funding Agency,2020-01-27T10:00:00+00:00,2020-01-27T10:00:00+00:00,https://www.gov.uk/education/school-and-academy-financial-management-and-assurance
Slides and datasets to accompany coronavirus press conference: 25 June 2020,Slides and datasets on coronavirus.,https://www.gov.uk/government/publications/slides-and-datasets-on-coronavirus-25-june-2020,"Prime Minister's Office, 10 Downing Street",2020-06-25T17:32:00+01:00,2020-06-25T17:32:00+01:00,https://www.gov.uk/health-and-social-care/covid-19
Nominal roll of consultant awards in England and Wales: 2023,"A list of all consultants in receipt of a national Clinical Excellence, Clinical Impact or Distinction Award on 1 April 2023.",https://www.gov.uk/government/publications/nominal-roll-of-consultant-awards-in-england-and-wales-2023,Advisory Committee on Clinical Impact Awards,2025-06-20T00:00:00+01:00,2025-07-25T14:24:24+01:00,https://www.gov.uk/health-and-social-care/health-workforce
Asylum seekers with care needs: caseworker guidance,Immigration staff guidance on what to consider when receiving applications from asylum seekers who require additional support or care.,https://www.gov.uk/government/publications/asylum-seekers-with-care-needs-process,UK Visas and Immigration,2004-12-16T01:00:00+00:00,2018-08-03T16:44:21+01:00,https://www.gov.uk/entering-staying-uk/support-asylum-claimants-refugees
COVID-19: guidance for young people on staying at home and away from others,Information for young people on staying at home and away from others (known as social distancing).,https://www.gov.uk/government/publications/covid-19-staying-at-home-and-away-from-others-guidance-for-young-people,Public Health England,2020-05-09T18:02:00+01:00,2020-05-09T18:02:00+01:00,https://www.gov.uk/health-and-social-care/health-protection-infectious-diseases
"EU Consumer Rights Directive: provisions on delivery, passing of risk, communication by telephone and consent for additional payments. Impact assessment",Assesses the costs and benefits to businesses and consumers of new requirements on the delivery period for goods. Also covers prohibition of…,https://www.gov.uk/government/publications/eu-consumer-rights-directive-provisions-on-delivery-passing-of-risk-communication-by-telephone-and-consent-for-additional-payments-impact-assessment,"Department for Business, Innovation & Skills",2012-08-20T01:00:00+01:00,2012-08-20T01:00:00+01:00,https://www.gov.uk/business/consumer-protection
Your Charter annual report: April 2019 to March 2020,,https://www.gov.uk/government/publications/your-charter-annual-report-2019-to-2020/your-charter-annual-report-april-2019-to-march-2020,HM Revenue & Customs,2020-11-05T12:55:16+00:00,2020-11-05T12:55:00+00:00,
Technical report: Move to Universal Credit non-claimants (formerly tax credits customers) research,,https://www.gov.uk/government/publications/move-to-universal-credit-non-claimants-formerly-tax-credits-customers-research/technical-report-move-to-universal-credit-non-claimants-formerly-tax-credits-customers-research,Department for Work and Pensions,2025-01-02T15:24:34+00:00,2025-01-02T15:24:32+00:00,
Northern Ireland Food Advisory Committee (NIFAC) Agenda and Papers February 2026,,https://www.gov.uk/government/publications/northern-ireland-food-advisory-committee-nifac-agenda-and-papers-february-2026/northern-ireland-food-advisory-committee-nifac-agenda-and-papers-february-2026,Food Standards Agency,2026-06-25T09:00:47+01:00,2026-06-25T09:00:47+01:00,
Commonwealth Scholarship Commission travel policy for staff and commissioners,"Updated travel policy for CSC Commissioners and Secretariat staff, setting out requirements for sustainable, cost-effective travel, accommodation, expenses, insurance and risk management when undertaking Commission business.",https://www.gov.uk/government/publications/csc-in-the-uk-travel-policy,Commonwealth Scholarship Commission in the UK,2015-08-11T16:22:00+01:00,2026-08-10T10:11:43+01:00,https://www.gov.uk/education
"FCDO Services spend over £25,000, November 2023","<div class=""govspeak""><p>The government is committed to publishing departmental spend over £25,000 as part of its commitment to transparency and open government. This is the FCDO Services spend in the UK for transactions totalling over £25,000 published by month. Transactions that appear to be under £25,000 are due to the transaction being over £25,000 before removing recoverable VAT, or where an invoice over £25,000 has been split between multiple expense types, and/or expense areas. We have published our spend in line with Cabinet Office guidelines which allow for data protection of individuals and security constraints.</p>
</div>",https://www.gov.uk/government/publications/fcdo-services-spend-over-25000-november-2023,FCDO Services ,2024-01-17T13:11:18+00:00,2024-01-17T13:11:18+00:00,https://www.gov.uk/government/government-spending
St Michael and All Angels CofE Infant School: 9 April 2025,"The schools adjudicator’s admission variation decision about St Michael and All Angels Church of England (CofE) Infant School.

",https://www.gov.uk/government/publications/st-michael-and-all-angels-cofe-infant-school-9-april-2025,Office of the Schools Adjudicator,2025-04-09T14:15:08+01:00,2025-04-09T14:15:08+01:00,https://www.gov.uk/education/school-admissions
Advisory committee on business appointments (ACOBA) annual report 2009-2010,Annual report of the activities of ACOBA,https://www.gov.uk/government/publications/advisory-committee-on-business-appointments-acoba-annual-report-2009-2010,Advisory Committee on Business Appointments,2010-12-13T10:00:00+00:00,2010-12-13T10:00:00+00:00,https://www.gov.uk/government/government-efficiency-transparency-and-accountability
"EFA e-bulletin for schools, colleges, local authorities and other 16 to 19 providers: 27 October 2016",,https://www.gov.uk/government/publications/efa-e-bulletin-27-october-2016/efa-e-bulletin-for-schools-colleges-local-authorities-and-other-16-to-19-providers-27-october-2016,Education Funding Agency,2016-10-27T17:36:24+01:00,2016-10-27T17:36:00+01:00,
Special Advisers' gifts and hospitality received: January to March 2013,"<div class=""govspeak""><p>Quarterly lists of DECC Special Advisers’ gifts and hospitality.</p>
</div>",https://www.gov.uk/government/publications/special-advisers-gifts-and-hospitality-received-january-to-march-2013,Department of Energy & Climate Change,2013-07-15T17:58:21+01:00,2013-07-15T17:58:21+01:00,https://www.gov.uk/environment/climate-change-energy
Signed order Trivium UK Packaging Limited,,https://www.gov.uk/government/publications/company-names-tribunal-decision-trivium-uk-packaging-limited/signed-order-trivium-uk-packaging-limited,Company Names Tribunal,2024-02-27T08:33:25+00:00,2024-02-27T08:33:25+00:00,
Form Comp 7: Rules 7.26 and 7.27 - Petition by office holder,Form Comp 7: Rules 7.26 and 7.27 - Petition by office holder.,https://www.gov.uk/government/publications/form-comp-7-rules-726-and-727-petition-by-office-holder,HM Courts & Tribunals Service,2017-11-01T00:00:00+00:00,2021-01-04T16:52:10+00:00,https://www.gov.uk/crime-justice-and-law/courts-sentencing-tribunals
Stamp Duty notification for bearer instruments,Use form Stamps BI 1 to tell HMRC about the proposed issue of a bearer instrument.,https://www.gov.uk/government/publications/sdlt-stamp-duty-bearer-instrument-1-stamps-b11,HM Revenue & Customs,2014-04-04T01:00:00+01:00,2018-10-15T11:35:24+01:00,https://www.gov.uk/money/stamp-taxes
Freedom of Information Code of Practice,"Code of Practice issues under section 45 of the Freedom of Information Act 2000, providing guidance to public authorities on the discharge of their functions and responsibilities under Part I (Access to information held by public authorities) of the Act.",https://www.gov.uk/government/publications/freedom-of-information-code-of-practice,Cabinet Office,2018-07-04T17:23:00+01:00,2018-07-04T17:23:00+01:00,
Safety lessons: keeping safe on board small fishing vessels,A safety message to the fishing industry highlighting how safety on fishing vessels under 15 metres can be encouraged and improved.,https://www.gov.uk/government/publications/safety-lessons-fishing-vessels-under-15-metres,Marine Accident Investigation Branch,2004-07-01T01:00:00+01:00,2004-07-01T01:00:00+01:00,https://www.gov.uk/transport/maritime-accidents-and-serious-incidents
Neighbourhood Board membership and place boundary form: privacy notice,,https://www.gov.uk/government/publications/plan-for-neighbourhoods-neighbourhood-boards-and-place-boundaries/neighbourhood-board-membership-and-place-boundary-form-privacy-notice,"Ministry of Housing, Communities and Local Government",2025-03-12T14:30:04+00:00,2025-03-12T00:00:00+00:00,
ESFA Update further education: 30 September 2020,,https://www.gov.uk/government/publications/esfa-update-30-september-2020/esfa-update-further-education-30-september-2020,Education and Skills Funding Agency,2020-09-30T13:22:38+01:00,2020-09-30T13:22:00+01:00,
Get support from children’s social care sector-led improvement partners,,https://www.gov.uk/government/publications/get-support-from-childrens-services-improvement-partners/get-support-from-childrens-social-care-sector-led-improvement-partners,Department for Education,2022-05-23T15:55:53+01:00,2025-10-24T16:31:03+01:00,
"Regulatory Article (RA) 4818: limitations on the organization (MRP 145.A.80), approved maintenance organisations (AMOs) only",RA covering the situation where the larger AMO may temporarily not hold all the necessary tools and equipment in the approval..,https://www.gov.uk/government/publications/regulatory-article-ra-4818-limitations-on-the-organization-mrp-145a80-approved-maintenance-organisations-amos-only,Ministry of Defence,2014-11-27T17:12:00+00:00,2014-11-27T17:12:00+00:00,https://www.gov.uk/defence-and-armed-forces
National Lottery Distribution Fund account 2021 to 2022,National Lottery Distribution Fund annual report and accounts for the year ended 31 March 2022.,https://www.gov.uk/government/publications/national-lottery-distribution-fund-account-2021-2022,"Department for Digital, Culture, Media & Sport (2017 to 2023)",2022-07-19T16:14:00+01:00,2022-07-19T16:14:00+01:00,https://www.gov.uk/corporate-information
"NIO: Spending over £25,000, June 2024","<div class=""govspeak""><p>NIO publishes details of all departmental spending over £25,000 on a monthly basis.</p>

<p>This data is also available on <a rel=""external"" href=""https://www.data.gov.uk/dataset/nio-transparency-data-on-gpc-and-spending-over-f25-000-january-2022"">data.gov.uk</a>.</p>
</div>",https://www.gov.uk/government/publications/nio-spending-over-25000-june-2024,Northern Ireland Office,2024-09-16T12:27:46+01:00,2024-09-16T12:27:46+01:00,https://www.gov.uk/regional-and-local-government/northern-ireland
"Science landscape seminar: big data, e-infrastructure and supercomputing",Report of a seminar on big data research in the UK.,https://www.gov.uk/government/publications/science-landscape-seminar-big-data-e-infrastructure-and-supercomputing,Council for Science and Technology,2015-06-15T17:41:19+01:00,2015-06-15T17:41:19+01:00,https://www.gov.uk/business-and-industry/science-and-innovation
FOI release: Causeway Institute and Bahrain,Causeway Institute and Bahrain.,https://www.gov.uk/government/publications/foi-release-causeway-institute-and-bahrain,Foreign & Commonwealth Office,2017-10-12T15:50:00+01:00,2017-10-12T15:50:00+01:00,https://www.gov.uk/government/government-efficiency-transparency-and-accountability
No news is good news? Talking to the public about the reliability of assessment: Summary,,https://www.gov.uk/government/publications/reliability-of-assessment-compendium/no-news-is-good-news-talking-to-the-public-about-the-reliability-of-assessment-summary,Ofqual,2016-12-19T15:26:50+00:00,2013-05-16T09:30:00+01:00,
"Recovered appeal: land north of Bishops Lane, Ringmer, East Sussex BN8 5JT (ref: 3001077 - 5 January 2016)",Decision Letter and Inspector’s Report for a recovered appeal.,https://www.gov.uk/government/publications/recovered-appeal-land-north-of-bishops-lane-ringmer-east-sussex-bn8-5jt-ref-3001077-5-january-2016,"Ministry of Housing, Communities & Local Government (2018 to 2021)",2016-01-06T09:30:36+00:00,2016-01-06T09:30:36+00:00,https://www.gov.uk/housing-local-and-community/planning-and-building
Meeting minutes of the Vaccine Benefit Risk Expert Working Group from the Covid-19 Pandemic - 25 February 2021 to 6 April 2021,"<div class=""govspeak""><p>As part of our ongoing mission to improve transparency, we are publishing minutes taken from meetings of the Commission on Human Medicines’ Vaccine Benefit Risk Expert Working Group (VBREWG) between 25 August 2020 and 5 May 2023. The VBREWG meetings focused on evaluating the safety, efficacy, and overall benefits versus risks of vaccines, providing expert advice and recommendations on licensing and regulatory action.  </p>

<p>Under Section 40 and 43 of the Freedom of Information Act respectively, personal data of individuals and commercially sensitive information has been redacted from these minutes.</p>
</div>",https://www.gov.uk/government/publications/meeting-minutes-of-the-vaccine-benefit-risk-expert-working-group-from-the-covid-19-pandemic-25-february-2021-to-6-april-2021,Medicines and Healthcare products Regulatory Agency,2024-12-09T00:00:00+00:00,2024-12-09T00:00:00+00:00,https://www.gov.uk/health-and-social-care/medicines-medical-devices-blood
PHE Board meeting papers: November 2015,The agenda and papers available for the Public Health England Board meeting of 25 November 2015.,https://www.gov.uk/government/publications/phe-board-meeting-papers-november-2015,Public Health England,2015-11-25T16:14:59+00:00,2015-11-25T16:14:59+00:00,https://www.gov.uk/corporate-information
"DfT: ministerial gifts, hospitality, travel and meetings, April to June 2024","<div class=""govspeak""><p>The Department for Transport (DfT) publishes quarterly details of special advisers’ meetings with senior media figures and any gifts or hospitality they received on a quarterly basis.</p>

<p>This data is also available on data.gov.uk:</p>

<ul>
  <li><a rel=""external"" href=""https://data.gov.uk/dataset/89ed1604-1766-49c0-b284-d16b6b35631f/department-for-transport-ministerial-and-special-adviser-hospitality"">DfT ministerial and special adviser hospitality on data.gov.uk</a></li>
  <li><a rel=""external"" href=""https://data.gov.uk/dataset/17e46cc4-9fce-42b4-9910-3f2ff2e49615/department-for-transport-ministerial-and-special-adviser-gifts"">DfT ministerial and special adviser gifts on data.gov.uk</a></li>
  <li><a rel=""external"" href=""https://data.gov.uk/dataset/789fd6df-87a9-4144-bc59-62b0b84e59f0/department-for-transport-ministerial-and-special-adviser-meetings-with-external-organisations-including-meetings-with-newspaper-and-other-media-proprietors-editors-and-senior-executives"">DfT ministerial and special adviser meetings on data.gov.uk</a></li>
</ul>
</div>",https://www.gov.uk/government/publications/dft-ministerial-gifts-hospitality-travel-and-meetings-april-to-june-2024,Department for Transport,2025-01-30T16:00:08+00:00,2025-01-30T16:00:08+00:00,https://www.gov.uk/transport/corporate-and-operational-information-transport
East Cleveland Education Action Zone account 1 April 2004 to 9 January 2005,This document contains the following information: East Cleveland Education Action Zone account 1 April 2004 to 9 January 2005,https://www.gov.uk/government/publications/east-cleveland-education-action-zone-account-1-april-2004-to-9-january-2005,East Cleveland Education Action Zone,2006-02-17T00:00:00+00:00,2006-02-17T00:00:00+00:00,
Patent Journal special notices: 6946,Publication date 6 July 2022.,https://www.gov.uk/government/publications/patent-journal-special-notices-6946,Intellectual Property Office,2022-07-06T04:30:08+01:00,2022-07-06T04:30:08+01:00,https://www.gov.uk/business/patents
Notice to Traders - 56/24 Imports of Olive Oil from Tunisia under Statutory Instrument 2020 No. 1432,,https://www.gov.uk/government/publications/notice-to-traders-5624-imports-of-olive-oil-from-tunisia-under-statutory-instrument-2020-no-1432/notice-to-traders-5624-imports-of-olive-oil-from-tunisia-under-statutory-instrument-2020-no-1432,Rural Payments Agency,2024-07-01T16:32:30+01:00,2024-07-01T16:32:29+01:00,
Prior qualifications of adults in further education classroom-based courses: 2011 to 2012,Findings of research into prior qualification levels of adults aged 19 plus in further education in 2011 to 2012. BIS research paper 117C.,https://www.gov.uk/government/publications/prior-qualifications-of-adults-in-further-education-classroom-based-courses-2011-to-2012,"Department for Business, Innovation & Skills",2013-11-14T12:00:00+00:00,2013-11-14T12:00:00+00:00,https://www.gov.uk/education/further-and-higher-education-skills-and-vocational-training
AIDS support grant for social care for people with HIV/AIDS: financial year 2010/11,This circular explains arrangements for the continuation in 2010/11 of the AIDS Support Grant. ,https://www.gov.uk/government/publications/aids-support-grant-for-social-care-for-people-with-hiv-aids-financial-year-2010-11,Department of Health and Social Care,2010-07-27T01:00:00+01:00,2010-07-27T01:00:00+01:00,https://www.gov.uk/health-and-social-care/social-care
Response to the House of Commons European Scrutiny Committee report 2013-14,This command paper sets out the government’s response to the House of Commons European Scrutiny Committee report on reforming the European scrutiny system in the House of Commons.,https://www.gov.uk/government/publications/response-to-the-house-of-commons-european-scrutiny-committee-report-2013-14,Foreign & Commonwealth Office,2014-07-22T11:20:00+01:00,2014-07-22T11:20:00+01:00,https://www.gov.uk/government/europe
Contingency guide for South Korea,Guidance for what you should do in times of increased tension in Korea.,https://www.gov.uk/government/publications/contingency-guide-for-south-korea,Foreign & Commonwealth Office,2013-05-31T15:18:00+01:00,2013-05-31T15:18:00+01:00,https://www.gov.uk/business-and-industry/trade-and-investment
Sandside beach near Dounreay particle finds from 2021 to present,,https://www.gov.uk/government/publications/radioactive-particles-in-the-environment-around-dounreay/sandside-beach-near-dounreay-particle-finds-2021,Dounreay ,2021-02-19T17:13:26+00:00,2023-10-27T16:38:06+01:00,
FOI responses released by MOD: week commencing 4 April 2022 (Part 3),Ministry of Defence (MOD) Freedom of Information (FOI) responses released during the week commencing 4 April 2022.,https://www.gov.uk/government/publications/foi-responses-released-by-mod-week-commencing-4-april-2022-part-3,Ministry of Defence,2022-04-12T14:11:34+01:00,2022-04-12T14:11:34+01:00,https://www.gov.uk/defence-and-armed-forces
Public Service pensions: 2016 valuation cost cap reports,,https://www.gov.uk/government/publications/public-service-pensions-2016-valuation-cost-cap-reports/public-service-pensions-2016-valuation-cost-cap-reports,Government Actuary's Department,2024-01-16T15:29:54+00:00,2024-01-16T15:29:54+00:00,
Variation issued: Tuesday 01 October 2024,,https://www.gov.uk/government/publications/fishing-vessel-licence-variations/variation-issued-tuesday-01-october-2024,Marine Management Organisation,2024-09-27T13:13:38+01:00,2026-07-30T09:22:55+01:00,
WS1 Deer management plan guide,,https://www.gov.uk/government/publications/management-requirements-for-woodland-supplement-ws1-deer-control-and-management-operations-note-59/ws1-deer-management-plan-guide,Forestry Commission,2025-06-12T14:00:47+01:00,2025-09-12T13:20:57+01:00,
CCS prompt payment data 2018/19,,https://www.gov.uk/government/publications/crown-commercial-service-prompt-payment-data/ccs-prompt-payment-data-201819,Crown Commercial Service,2021-02-26T15:53:19+00:00,2021-02-26T15:53:17+00:00,
CMA board meeting minutes: 18 October 2017,"<div class=""govspeak""><p>The members of the Competition and Markets Authority (CMA) board are set out in the ‘Our management’ section of the CMA’s <a href=""https://www.gov.uk/cma"">home page</a>.</p>
</div>",https://www.gov.uk/government/publications/cma-board-meeting-minutes-18-october-2017,Competition and Markets Authority,2017-11-16T11:21:02+00:00,2017-11-16T11:21:02+00:00,https://www.gov.uk/business/competition
ESFA Update further education: 29 January 2025,,https://www.gov.uk/government/publications/esfa-update-29-january-2025/esfa-update-further-education-29-january-2025,Education and Skills Funding Agency,2025-01-29T13:03:50+00:00,2025-01-29T13:03:50+00:00,
"Salmonella and shigella infections from faecal specimens, laboratory reports (England and Wales): May to June 2017",,https://www.gov.uk/government/publications/salmonella-infections-faecal-specimens-in-england-and-wales-laboratory-reports-2017/salmonella-and-shigella-infections-from-faecal-specimens-laboratory-reports-england-and-wales-may-june-2017,Public Health England,2017-07-14T17:22:02+01:00,2018-02-09T17:33:18+00:00,
Abortion Act 1967 (As Amended): Termination of Pregnancy,Letter to all those involved in providing and commissioning treatment for termination of pregnancy.,https://www.gov.uk/government/publications/abortion-act-1967-as-amended-termination-of-pregnancy,Department of Health and Social Care,2012-02-23T00:00:00+00:00,2012-02-23T00:00:00+00:00,https://www.gov.uk/health-and-social-care/national-health-service
Application progress,,https://www.gov.uk/government/publications/cac-outcome-unite-the-union-thomas-cook-aircraft-engineering/application-progress,Central Arbitration Committee,2018-03-01T12:48:24+00:00,2018-03-01T12:48:00+00:00,
Rivington and Blackrod High School,The schools adjudicator’s admission objection decision about Rivington and Blackrod High School.,https://www.gov.uk/government/publications/rivington-and-blackrod-high-school,Office of the Schools Adjudicator,2014-11-11T16:26:13+00:00,2014-11-11T16:26:13+00:00,https://www.gov.uk/education/running-and-managing-a-school
FOI responses released by MOD: week commencing 27 August 2018,Ministry of Defence (MOD) Freedom of Information (FOI) responses released during the week commencing 27 August 2018.,https://www.gov.uk/government/publications/foi-responses-released-by-mod-week-commencing-27-august-2018,Ministry of Defence,2018-08-31T15:18:00+01:00,2020-10-09T15:47:58+01:00,https://www.gov.uk/corporate-information
Increasing community access to local criminal justice,A document providing more information about the department’s plans to increase community access to local criminal justice information.,https://www.gov.uk/government/publications/increasing-community-access-to-local-criminal-justice,Ministry of Justice,2011-03-31T01:00:00+01:00,2011-03-31T01:00:00+01:00,https://www.gov.uk/crime-justice-and-law/justice-system-transparency
Addressing the local audit backlog in England: Non-compliance lists,"<div class=""govspeak""><p>Working closely with system partners, the government has implemented vital measures to tackle the significant local audit backlog it inherited.</p>

<p>The introduction of statutory backstops for the publication of audited accounts is a core element of these measures. To help clear the backlog, local bodies are required to work with their auditors to publish audited accounts as follows:</p>

<ul>
  <li>Financial years up to and including 2022 to 2023: 13 December 2024</li>
  <li>Financial year 2023 to 2024: 28 February 2025</li>
  <li>Financial year 2024 to 2025: 27 February 2026</li>
  <li>Financial year 2025 to 2026: 31 January 2027</li>
  <li>Financial year 2026 to 2027: 30 November 2027</li>
  <li>Financial year 2027 to 2028: 30 November 2028</li>
</ul>
</div>",https://www.gov.uk/government/publications/addressing-the-local-audit-backlog-in-england-non-compliance-lists,"Ministry of Housing, Communities and Local Government",2025-03-04T00:00:00+00:00,2026-03-26T11:13:22+00:00,https://www.gov.uk/regional-and-local-government
Fact sheet: Fire doors (regulation 10),,https://www.gov.uk/government/publications/fire-safety-england-regulations-2022/fact-sheet-fire-doors-regulation-10,Home Office,2022-05-18T09:49:40+01:00,2023-07-24T16:30:41+01:00,
Teacher misconduct panel outcome: Mr Paul Elliott,"Professional conduct panel outcome, including decision and reasons.",https://www.gov.uk/government/publications/teacher-misconduct-panel-outcome-mr-paul-elliott,Teaching Regulation Agency,2022-10-27T11:36:14+01:00,2022-10-27T11:36:14+01:00,https://www.gov.uk/education/teaching-standards-misconduct-and-practice
"CMA: spending over £25,000, January 2019","<div class=""govspeak""><p>CMA publishes details of all departmental spending over £25,000 on a monthly basis.</p>
</div>",https://www.gov.uk/government/publications/cma-spending-over-25000-january-2019,Competition and Markets Authority,2019-04-09T14:00:12+01:00,2019-04-09T14:00:12+01:00,https://www.gov.uk/government/government-spending
Macur Review issues paper,Paper asking for views on the scope of the Waterhouse Inquiry into the abuse of children in care in North Wales.,https://www.gov.uk/government/publications/macur-review-issues-paper,Macur Review,2013-01-08T00:00:00+00:00,2013-01-08T00:00:00+00:00,https://www.gov.uk/crime-justice-and-law
Service police codes of practice,Codes of practice for regulating service police powers and investigatory procedures.,https://www.gov.uk/government/publications/service-police-codes-of-practice,Ministry of Defence,2020-11-03T16:44:00+00:00,2026-07-07T11:11:28+01:00,https://www.gov.uk/defence/working-armed-forces
Health and social care concordat: Department of Health and Wales,Formal agreement providing a framework for co-operation between the Department of Health and Welsh Assembly Government. ,https://www.gov.uk/government/publications/health-and-social-care-concordat-department-of-health-and-wales,Department of Health and Social Care,2013-08-02T14:39:28+01:00,2013-08-02T14:39:28+01:00,https://www.gov.uk/health-and-social-care/national-health-service
"Oates, Jonathan - Chief of Staff to the Deputy Prime Minister - ACOBA recommendation","Advice to Jonathan Oates, former Chief of Staff to the Deputy Prime Minister, on business appointments after leaving Crown service",https://www.gov.uk/government/publications/oates-jonathan-chief-of-staff-to-the-deputy-prime-minister-acoba-recommendation,Advisory Committee on Business Appointments,2017-07-19T11:51:19+01:00,2017-07-19T11:51:19+01:00,https://www.gov.uk/government/government-efficiency-transparency-and-accountability
Signed order on Digicert SSL Ltd,,https://www.gov.uk/government/publications/company-names-tribunal-decision-digicert-ssl-ltd/signed-order-on-digicert-ssl-ltd,Company Names Tribunal,2024-04-23T11:02:24+01:00,2024-04-23T11:02:23+01:00,
Safety Bulletin 4: Automatic water mist sprinkler systems,,https://www.gov.uk/government/publications/safety-bulletin-4-automatic-water-mist-sprinkler-systems/safety-bulletin-4-automatic-water-mist-sprinkler-systems,Maritime and Coastguard Agency,2021-08-13T14:03:15+01:00,2015-12-18T00:00:00+00:00,
Competition: metasurfaces for defence and security,Harnessing two dimensions to transform front-line capability.,https://www.gov.uk/government/publications/competition-summary-metasurfaces-for-defence-and-security,Defence and Security Accelerator,2018-07-13T11:09:00+01:00,2018-09-10T13:28:50+01:00,
State Pension age Review 2023 ,,https://www.gov.uk/government/publications/state-pension-age-review-2023-government-report/state-pension-age-review-2023,Department for Work and Pensions,2023-03-30T12:17:23+01:00,2023-03-30T12:17:00+01:00,
Company Names Tribunal decision: Amazon Self Publication Ltd,"Decision for applicant Amazon Technologies Inc registration number 16459533, applicant successful.",https://www.gov.uk/government/publications/company-names-tribunal-decision-amazon-self-publication-ltd,Company Names Tribunal,2026-06-18T07:44:00+01:00,2026-08-03T14:56:58+01:00,https://www.gov.uk/business-and-industry/company-names
Spotlight on sexually transmitted infections in Yorkshire and Humber: 2022 data,,https://www.gov.uk/government/publications/sexually-transmitted-infections-yorkshire-and-humber-data/spotlight-on-sexually-transmitted-infections-in-yorkshire-and-humber-2022-data,UK Health Security Agency,2024-01-18T09:30:05+00:00,2026-01-13T17:39:59+00:00,
UKHSA Advisory Board: Chief Executive's report,,https://www.gov.uk/government/publications/ukhsa-advisory-board-meeting-papers-for-september-2024/ukhsa-advisory-board-chief-executives-report,UK Health Security Agency,2024-09-16T11:30:27+01:00,2024-09-16T11:30:27+01:00,
MA01 Additional data used in the air quality assessment (BID AQ-002-0MA01 SES1 and AP1 ES),"This document presents the background information and data for air quality that accompanies SES1 and AP1 ES.

This document  does not form part of the High Speed Rail (Crewe – Manchester) SES1 and AP1 ES.
",https://www.gov.uk/government/publications/ma01-additional-data-used-in-the-air-quality-assessment-bid-aq-002-0ma01-ses1-and-ap1-es,High Speed Two (HS2) Limited,2022-07-06T09:16:32+01:00,2022-07-06T09:16:32+01:00,https://www.gov.uk/transport/hs2-phase-2b
HM Land Registry disclosure log: April to June 2018,A selection of Freedom of Information requests between April and June 2018.,https://www.gov.uk/government/publications/hm-land-registry-disclosure-log-april-to-june-2018,HM Land Registry,2018-09-18T13:09:27+01:00,2018-09-18T13:09:27+01:00,https://www.gov.uk/housing-local-and-community/land-registration
Progression Panels for Indeterminate Sentences Policy Framework,This policy sets out the mandatory requirements for progression panels in prisons and in the community for individuals serving indeterminate sentences.,https://www.gov.uk/government/publications/progression-panels-for-indeterminate-sentences-policy-framework,Ministry of Justice,2025-07-17T00:30:07+01:00,2025-07-17T00:30:07+01:00,https://www.gov.uk/crime-justice-and-law/prisons-probation
Ordnance Survey Limited annual report and accounts 2015 to 2016,Annual report and accounts setting out the activities and achievements of Ordnance Survey Limited. ,https://www.gov.uk/government/publications/ordnance-survey-limited-annual-report-and-accounts-2015-to-2016,Ordnance Survey,2016-07-11T17:33:03+01:00,2016-07-11T17:33:03+01:00,https://www.gov.uk/government/government-efficiency-transparency-and-accountability
Improving outdoor play for young children,Ofsted good practice example showing how a childminder has made use of the outdoor environment.,https://www.gov.uk/government/publications/improving-outdoor-play-for-young-children,Ofsted,2012-03-21T00:00:00+00:00,2012-03-21T00:00:00+00:00,
Non-association independent schools inspection handbook,,https://www.gov.uk/government/publications/independent-schools-inspection-handbook-eif/non-association-independent-schools-inspection-handbook-for-september-2023,Ofsted,2023-07-14T13:47:24+01:00,2025-01-21T11:31:38+00:00,
Notice to exporters 2020/20: list of dual-use controlled items updated,The list has been republished following amendments to the EU dual-use export control list in Annex I to Regulation (EC) No 428/2009 which came into force on 15 December 2020.,https://www.gov.uk/government/publications/notice-to-exporters-202020-list-of-dual-use-controlled-items-updated,Export Control Joint Unit,2020-12-15T16:14:00+00:00,2020-12-15T16:14:00+00:00,https://www.gov.uk/business-and-industry/export-controls
Misuse of fentanyl and fentanyl analogues,"This report advises government on the number and nature of known fentanyl analogues, risk factors, pharmacology, toxic effects and misuse and associated harms.",https://www.gov.uk/government/publications/misuse-of-fentanyl-and-fentanyl-analogues,Advisory Council on the Misuse of Drugs,2020-01-03T15:42:00+00:00,2020-01-03T15:42:00+00:00,https://www.gov.uk/health-and-social-care/drug-misuse-and-dependency
Expenses Fraud,How many investigations relating to expense fraud has there been in your department in the last 24 months,https://www.gov.uk/government/publications/expenses-fraud,Office of the Advocate General for Scotland,2017-06-30T09:22:04+01:00,2017-06-30T09:22:04+01:00,https://www.gov.uk/government/government-efficiency-transparency-and-accountability
New government recommendations for England NHS hospital trusts and private hospital providers,,https://www.gov.uk/government/publications/wuhan-novel-coronavirus-infection-prevention-and-control/new-government-recommendations-for-england-nhs-hospital-trusts-and-private-hospital-providers,UK Health Security Agency,2020-06-12T15:56:11+01:00,2022-04-14T17:10:46+01:00,
Parents with alcohol and drug problems: support resources,"A toolkit containing guidance, data and other resources to support professionals who are helping families affected by parental alcohol and drug problems.",https://www.gov.uk/government/publications/parents-with-alcohol-and-drug-problems-support-resources,Public Health England,2021-05-10T09:30:00+01:00,2021-05-10T09:30:00+01:00,https://www.gov.uk/childcare-parenting
British ambassadors and high commissioners born in the UK,"Where they are born in the UK and how FCO ensures English, Scottish, Welsh or Northern Irish representation in our embassies abroad  ",https://www.gov.uk/government/publications/british-ambassadors-and-high-commissioners-born-in-the-uk,Foreign & Commonwealth Office,2014-04-14T16:47:00+01:00,2014-04-14T16:47:00+01:00,https://www.gov.uk/government/government-efficiency-transparency-and-accountability
Decision on Cencora Limited,,https://www.gov.uk/government/publications/company-names-tribunal-decision-cencora-limited/decision-on-cencora-limited,Company Names Tribunal,2025-07-09T13:18:31+01:00,2025-09-16T14:15:57+01:00,
Duncan Selbie's Friday message: 2 May 2014,Weekly message from the Chief Executive of Public Health England.,https://www.gov.uk/government/publications/duncan-selbies-friday-message-2-may-2014,Public Health England,2014-05-02T12:38:00+01:00,2014-05-02T12:38:00+01:00,https://www.gov.uk/health-and-social-care/public-health
Chapter 5: Evidencing successful family outcomes ,,https://www.gov.uk/government/publications/supporting-families-programme-guidance-2022-to-2025/chapter-5-evidencing-successful-family-outcomes,Department for Education,2022-04-02T00:15:02+01:00,2022-04-02T00:00:00+01:00,
Brazil: monthly economic report - July 2014,Report on the latest developments in Brazil's economy.  ,https://www.gov.uk/government/publications/brazil-economic-focus-july-2014,Foreign & Commonwealth Office,2014-07-19T00:00:00+01:00,2014-07-19T00:00:00+01:00,https://www.gov.uk/business-and-industry
Energy Related Products Policy and Energy Technology List (ETL): privacy notice,,https://www.gov.uk/government/publications/energy-technology-list-etl-privacy-notice/energy-related-products-policy-and-energy-technology-list-etl-privacy-notice,Department for Energy Security and Net Zero,2024-02-02T11:33:36+00:00,2025-12-01T10:06:32+00:00,
Style Manual for Amendments to Bills,,https://www.gov.uk/government/publications/amending-bills-style-manual/style-manual-for-amendments-to-bills,Office of the Parliamentary Counsel,2024-03-11T13:23:40+00:00,2024-03-11T13:23:40+00:00,
Building regulations and fire safety: government response to the Select Committee report,The government’s response to the Select Committee's report on 'Building regulations and fire safety: consultation response and connected issues'.,https://www.gov.uk/government/publications/building-regulations-and-fire-safety-government-response-to-the-select-committee-report,"Ministry of Housing, Communities & Local Government (2018 to 2021)",2019-10-21T14:24:42+01:00,2019-10-21T14:24:42+01:00,https://www.gov.uk/housing-local-and-community/building-regulation
Recruitment of short-term or temporary staff,"Request: For information about recruitment of staff on short-term or temporary contracts since May 2010, to include the name and job title of…",https://www.gov.uk/government/publications/recruitment-of-short-term-or-temporary-staff,"Ministry of Housing, Communities & Local Government (2018 to 2021)",2010-12-01T00:00:00+00:00,2010-12-01T00:00:00+00:00,
DECC Permanent Secretary's meetings with external organisations: April to June 2014,"<div class=""govspeak""><p>Quarterly lists of DECC’s Permanent Secretary’s meetings that involved outside interested parties.</p>
</div>",https://www.gov.uk/government/publications/decc-permanent-secretarys-meetings-with-external-organisations-april-to-june-2014,Department of Energy & Climate Change,2015-05-18T12:17:31+01:00,2015-05-18T12:17:31+01:00,https://www.gov.uk/government/government-efficiency-transparency-and-accountability
CAC Outcome: Unite the Union and John N Dunn Group Ltd,Outcome(s) by the Central Arbitration Committee on an application from Unite the Union,https://www.gov.uk/government/publications/cac-outcome-unite-the-union-and-john-n-dunn-group-ltd,Central Arbitration Committee,2016-10-17T13:48:00+01:00,2016-12-21T10:52:09+00:00,https://www.gov.uk/work
Convention on Future Multilateral Cooperation in North-East Atlantic Fisheries [MS No.5/2019],This treaty was presented to Parliament in February 2019.,https://www.gov.uk/government/publications/ms-no52019-convention-on-future-multilateral-cooperation-in-north-east-atlantic-fisheries,Foreign & Commonwealth Office,2019-02-08T14:00:00+00:00,2019-02-08T14:00:00+00:00,https://www.gov.uk/environment/fishing-fisheries-and-vessels
National Insurance Fund Accounts,Presented to Parliament pursuant to section 161(2) of the Social Security Administration Act 1992.,https://www.gov.uk/government/publications/national-insurance-fund-accounts,HM Revenue & Customs,2011-12-15T00:00:00+00:00,2025-11-27T17:56:00+00:00,https://www.gov.uk/corporate-information
DfE Update 27 May 2026,"Latest information and actions from the Department for Education about funding, assurance and resource management, for academies, local authorities and further education providers.",https://www.gov.uk/government/publications/dfe-update-27-may-2026,Department for Education,2026-05-27T12:13:51+01:00,2026-05-27T12:13:51+01:00,https://www.gov.uk/education/funding-and-finance-for-students
The estate of William Keane,Information held about the estate of William Keane.,https://www.gov.uk/government/publications/the-estate-of-william-keane,Bona Vacantia,2014-04-04T10:32:45+01:00,2014-04-04T10:32:45+01:00,https://www.gov.uk/government/government-efficiency-transparency-and-accountability
Standing environment groups,Details of the standing environment groups in the UK.,https://www.gov.uk/government/publications/standing-environment-groups,Maritime and Coastguard Agency,2014-06-11T10:58:00+01:00,2023-02-10T11:26:37+00:00,https://www.gov.uk/environment/oil-spills
Safeguarding children with disabilities in residential settings,National safeguarding practice review into safeguarding children with disabilities and complex needs in residential settings.,https://www.gov.uk/government/publications/safeguarding-children-with-disabilities-in-residential-settings,Child Safeguarding Practice Review Panel,2022-10-26T12:22:00+01:00,2023-04-20T09:00:02+01:00,https://www.gov.uk/childcare-parenting/childrens-homes-and-other-accommodation
Business rates information letter 10/2012,Business rates information letters are issued by the Department for Communities and Local Government at regular intervals throughout the year. ,https://www.gov.uk/government/publications/business-rates-information-letter-102012,"Ministry of Housing, Communities & Local Government (2018 to 2021)",2012-11-22T00:00:00+00:00,2012-11-22T00:00:00+00:00,https://www.gov.uk/regional-and-local-government/local-government-spending
Variation issued: Sunday 15 June 2025,,https://www.gov.uk/government/publications/fishing-vessel-licence-variations/variation-issued-sunday-15-june-2025,Marine Management Organisation,2025-06-13T13:49:11+01:00,2026-07-30T09:22:55+01:00,
National Audit on Group-Based Child Sexual Exploitation and Abuse: terms of reference,"This document sets out the purpose, objectives, context and scope of the National Audit on Group-Based Child Sexual Exploitation and Abuse.",https://www.gov.uk/government/publications/national-audit-on-group-based-child-sexual-exploitation-and-abuse-terms-of-reference,Home Office,2025-02-20T00:00:00+00:00,2025-02-20T00:00:00+00:00,https://www.gov.uk/crime-justice-and-law
Energy Security Bill factsheet: Power to make or change energy performance of buildings regulations (energy certificates) (updated 31 August 2023),,https://www.gov.uk/government/publications/energy-security-bill-factsheets/energy-security-bill-factsheet-power-to-review-the-energy-performance-of-buildings-regulations-energy-certificates,Department for Energy Security and Net Zero,2022-07-20T15:26:29+01:00,2023-09-01T10:25:45+01:00,
UK and Norway cross-border business-to-business mentoring programme,Following the success of previous UK/Norway mentoring programmes DECC and INTSOK (Norwegian Oil & Gas Partners) in conjunction with the Norwegian…,https://www.gov.uk/government/publications/uk-and-norway-cross-border-business-to-business-mentoring-programme,Department of Energy & Climate Change,2012-03-14T00:00:00+00:00,2012-03-14T00:00:00+00:00,https://www.gov.uk/business/uk-energy-security
Terms of Reference for Thematic VfM Review on Youth,,https://www.gov.uk/government/publications/terms-of-reference-thematic-value-for-money-reviews/terms-of-reference-for-thematic-vfm-review-on-youth,HM Treasury,2026-01-20T15:57:18+00:00,2026-02-06T16:10:46+00:00,
Apprenticeship grant: employer fact sheet,"Apprenticeship grant for employers of 16 to 24 year olds (AGE 16 to 24), eligibility information and how to apply.",https://www.gov.uk/government/publications/apprenticeship-grant-employer-fact-sheet,Skills Funding Agency,2014-11-06T00:00:00+00:00,2017-02-02T11:32:51+00:00,https://www.gov.uk/education/hiring-and-training-an-apprentice
Digital competition expert panel recommendations: CMA view,"A letter from Andrea Coscelli to the Permanent Secretary, Business, Energy and Industrial Strategy and Second Permanent Secretary, Her Majesty’s Treasury.",https://www.gov.uk/government/publications/digital-competition-expert-panel-recommendations-cma-view,Competition and Markets Authority,2019-03-22T11:09:00+00:00,2019-03-22T11:09:00+00:00,https://www.gov.uk/business/competition
HM Treasury exceptions to cross-government moratoria on spending: July to September 2024 (spend approvals),This series brings together all documents relating to HM Treasury spend approvals,https://www.gov.uk/government/publications/hm-treasury-exceptions-to-cross-government-moratoria-on-spending-july-to-september-2024-spend-approvals,HM Treasury,2025-07-11T14:06:39+01:00,2025-07-11T14:06:39+01:00,https://www.gov.uk/government/government-spending
UK-Pennsylvania trade and investment highlights,"Information about jobs in Pennsylvania supported by UK companies, and Pennsylvanian exports to the UK.",https://www.gov.uk/government/publications/uk-pennsylvania-trade-and-investment-highlights,Foreign & Commonwealth Office,2020-06-09T09:21:00+01:00,2021-06-25T08:13:05+01:00,https://www.gov.uk/business-and-industry/trade-and-investment
Details of deliberate tax defaulters,The current list of people who deliberately got their tax affairs wrong.,https://www.gov.uk/government/publications/publishing-details-of-deliberate-tax-defaulters-pddd,HM Revenue & Customs,2010-04-01T00:00:00+01:00,2026-06-25T09:30:09+01:00,https://www.gov.uk/money/tax-avoidance
Pneumococcal polysaccharide vaccine: change to the supply route from June 2021 letter,,https://www.gov.uk/government/publications/pneumococcal-polysaccharide-vaccine-change-to-the-supply-route-from-june-2021-letter/pneumococcal-polysaccharide-vaccine-change-to-the-supply-route-from-june-2021-letter--2,Public Health England,2021-04-30T12:30:13+01:00,2021-04-30T12:30:00+01:00,
HM Courts and Tribunals Service Board meeting – 3 May 2023,,https://www.gov.uk/government/publications/hm-courts-and-tribunals-service-board-meeting-3-may-2023/hm-courts-and-tribunals-service-board-meeting-3-may-2023,HM Courts & Tribunals Service,2024-03-26T17:37:42+00:00,2024-03-26T17:37:42+00:00,
Metro Mayors: Committee welcomes mayors and seeks ethical leadership,The Committee welcomes all six of the new metro mayors and invites them to meet with us to discuss challenges facing the maintenance of ethical standards in local government. ,https://www.gov.uk/government/publications/metro-mayors-committee-invites-mayors-to-ethical-standards-induction,Committee on Standards in Public Life,2017-06-16T14:46:00+01:00,2017-10-09T12:14:01+01:00,https://www.gov.uk/government/government-efficiency-transparency-and-accountability
SMEs: enablers of success and economic rationale for government intervention,Analysing the current issues faced by small to medium-sized enterprises and the rationale for government intervention.,https://www.gov.uk/government/publications/smes-enablers-of-success-and-economic-rationale-for-government-intervention,"Department for Business, Innovation & Skills",2013-12-07T00:17:00+00:00,2013-12-07T00:17:00+00:00,https://www.gov.uk/business-and-industry
Statement of Practice 8 (1990),,https://www.gov.uk/government/publications/statement-of-practice-8-1990/statement-of-practice-8-1990,HM Revenue & Customs,2016-10-20T16:20:56+01:00,1990-12-06T00:00:00+00:00,
21434 Methodology and list of datasets used to allocate funding to 22 local authorities to tackle gangs and youth violence,"21434

We have received a request under the Freedom of Information Act 2000 for the following: 

In December 2011 the Home Office announced …",https://www.gov.uk/government/publications/21434-methodology-and-list-of-datasets-used-to-allocate-funding-to-22-local-authorities-to-tackle-gangs-and-youth-violence,Home Office,2012-03-16T00:00:00+00:00,2012-03-16T00:00:00+00:00,https://www.gov.uk/crime-justice-and-law/knife-gun-and-gang-crime
Home Upgrade Grant: successful local authorities,List of local authorities awarded funding under the second phase of the Home Upgrade Grant (HUG 2) to be delivered from April 2023 until March 2025.,https://www.gov.uk/government/publications/home-upgrade-grant-successful-local-authorities,Department for Energy Security and Net Zero,2023-03-22T00:15:00+00:00,2023-03-22T00:15:00+00:00,https://www.gov.uk/environment/climate-change-energy-energy-efficiency
Nuclear industry: principles to guide the application of As Low As Reasonably Practicable (ALARP) and Best Available Techniques (BAT),A set of principles on effective ways of working to guide the application of ALARP and BAT in the nuclear industry. ,https://www.gov.uk/government/publications/nuclear-industry-principles-to-guide-the-application-of-as-low-as-reasonably-practicable-alarp-and-best-available-techniques-bat,Department for Energy Security and Net Zero,2025-11-26T13:43:03+00:00,2025-11-26T13:43:03+00:00,https://www.gov.uk/environment/low-carbon-technologies
"Recovered appeal: land west of Horcott Road, Fairford, Gloucestershire (ref: 3157854 - 21 September 2017)",Decision letter and Inspector’s Report for a recovered appeal. ,https://www.gov.uk/government/publications/recovered-appeal-land-west-of-horcott-road-fairford-gloucestershire-ref-3157854-21-september-2017,"Ministry of Housing, Communities & Local Government (2018 to 2021)",2017-09-21T11:30:03+01:00,2017-09-21T11:30:03+01:00,https://www.gov.uk/housing-local-and-community/planning-system
Company Names Tribunal decision: Pegasus Brickwork Ltd,"Decision for applicant Lifestory Group Limited against registration number 13284699, applicant successful.",https://www.gov.uk/government/publications/company-names-tribunal-decision-pegasus-brickwork-ltd,Company Names Tribunal,2022-06-30T09:17:00+01:00,2022-07-01T10:47:45+01:00,https://www.gov.uk/business-and-industry/limited-companies-and-partnerships
UK safeguards support programme: report on activities and progress during the period 1 April 2010 to 31 March 2011,Activities and progress in the UK contribution to the maintenance of the international nuclear safeguards regime.,https://www.gov.uk/government/publications/uk-safeguards-support-programme-2010-to-2011,Department of Energy & Climate Change,2011-09-02T01:00:00+01:00,2011-09-02T01:00:00+01:00,https://www.gov.uk/business-and-industry/energy-industry-and-infrastructure-licensing-and-regulation
ePCS explanatory notes,,https://www.gov.uk/government/publications/dwp-government-procurement-card-monthly-payments-explanatory-notes/epurchasing-card-solution-formerly-called-government-procurement-card,Department for Work and Pensions,2017-04-04T10:29:34+01:00,2013-04-15T01:00:00+01:00,
Enterprise zone capital grant fund: bidding guidance,Application form and guidance to bid for enterprise zone capital grant fund.,https://www.gov.uk/government/publications/enterprise-zone-capital-grant-fund-bidding-guidance,"Ministry of Housing, Communities & Local Government (2018 to 2021)",2013-10-07T00:15:00+01:00,2013-10-07T00:15:00+01:00,https://www.gov.uk/housing-local-and-community
Claims for compensation made against the former British Coal Corporation: reference 12/0259,"FoI request concerning claims for compensation made against the former British Coal Corporation. Submitted on 16 February 2012.
",https://www.gov.uk/government/publications/claims-for-compensation-made-against-the-former-british-coal-corporation-reference-12-0259,Department of Energy & Climate Change,2012-08-03T01:00:00+01:00,2012-08-03T01:00:00+01:00,https://www.gov.uk/environment/climate-change-energy
Forestry Commission careers case studies,Read the case studies of various career paths within the Forestry Commission.,https://www.gov.uk/government/publications/forestry-commission-careers-case-studies,Forestry Commission,2024-09-09T00:00:00+01:00,2024-11-27T10:50:56+00:00,https://www.gov.uk/environment/forests-and-woodland
NHS Pay Review Body: Review for 2012,NHS Pay Review Body: Review for 2012.,https://www.gov.uk/government/publications/nhs-pay-review-body-review-for-2012--4,Department of Health and Social Care,2011-10-03T01:00:00+01:00,2011-10-03T01:00:00+01:00,https://www.gov.uk/health-and-social-care/national-health-service
FOI requests for information received by MOD 2012,Freedom of Information requests for information received by the Ministry of Defence throughout 2012.,https://www.gov.uk/government/publications/foi-requests-for-information-received-by-mod-2012,Ministry of Defence,2014-05-27T14:43:00+01:00,2014-05-27T15:22:07+01:00,https://www.gov.uk/defence-and-armed-forces
"Inspection report of decision making quality in the Accra visa section, December 2012","Independent Chief Inspector of Borders and Immigration (ICIBI) report on decision making quality in the Accra visa section, December 2012.	",https://www.gov.uk/government/publications/inspection-report-of-decision-making-quality-in-the-accra-visa-section-december-2012,Independent Chief Inspector of Borders and Immigration ,2012-12-06T00:00:00+00:00,2012-12-06T00:00:00+00:00,
Irish Sea marine area site packages,Get conservation advice on the impact of activity on a marine site and find out the status of advice using the interactive map.,https://www.gov.uk/government/publications/irish-sea-marine-area-index-map-and-site-packages,Natural England,2017-03-30T00:00:00+01:00,2026-03-19T09:00:03+00:00,https://www.gov.uk/environment/species-protection-and-marine-conservation
Building stability overseas strategy,"Building Stability Overseas.
",https://www.gov.uk/government/publications/building-stability-overseas-strategy,Ministry of Defence,2011-07-01T01:00:00+01:00,2011-07-01T01:00:00+01:00,https://www.gov.uk/international/international-aid-and-development
Origins and Evolution of the CASLO Approach in England - References,,https://www.gov.uk/government/publications/origins-and-evolution-of-the-caslo-approach-in-england/origins-and-evolution-of-the-caslo-approach-in-england-references,Ofqual,2024-11-18T09:30:08+00:00,2024-11-18T00:00:00+00:00,
Forest Research annual report and accounts 2021 to 2022,Forest Research annual report and accounts April 2021 to March 2022.,https://www.gov.uk/government/publications/forest-research-annual-report-and-accounts-2021-to-2022,Forest Research,2022-07-08T16:17:00+01:00,2022-07-18T12:23:14+01:00,https://www.gov.uk/environment/forests-and-woodland
"FCO Services spending over £500, April 2014","<div class=""govspeak""><p>FCO Services publishes details of all spending over £500 using the government procurement card on a monthly basis.</p>
</div>",https://www.gov.uk/government/publications/fco-services-spending-over-500-april-2014,FCO Services,2023-09-26T11:03:26+01:00,2023-09-26T11:03:26+01:00,https://www.gov.uk/government/government-spending
Hallmarking of fine chain bracelets and necklets,The Joint Committee of Assay Offices’ notice on bracelets and necklets.,https://www.gov.uk/government/publications/hallmarking-of-fine-chain-bracelets-and-necklets,British Hallmarking Council,1975-01-01T00:00:00+00:00,1975-01-01T00:00:00+00:00,https://www.gov.uk/business/consumer-protection
Water Management Plan 2025 to 2026,,https://www.gov.uk/government/publications/water-management-plan-2025-to-2026/water-management-plan-2025-to-2026,Department for Work and Pensions,2026-03-09T16:00:27+00:00,2026-03-09T16:00:26+00:00,
DFID government e-payments framework transactions March 2016 travel,"<div class=""govspeak""><p>DFID publishes details of all spending over £500 using a GPC (departmental debit card) on a monthly basis.</p>
</div>",https://www.gov.uk/government/publications/dfid-government-e-payments-framework-transactions-march-2016-travel,Department for International Development,2016-04-18T15:10:38+01:00,2016-04-18T15:10:38+01:00,https://www.gov.uk/international/overseas-aid-transparency
Notice of issue (specified amount) and request for judgment: Form N205A,The court will send you this notice of issue after serving your claim. You can use this form to request a judgment from the court.,https://www.gov.uk/government/publications/form-n205a-notice-of-issue-specified-amount,HM Courts & Tribunals Service,2006-04-01T00:00:00+01:00,2006-04-01T00:00:00+01:00,https://www.gov.uk/crime-justice-and-law
Initial assessment: group of NGOs complaint to the UK NCP about Standard Chartered Bank,,https://www.gov.uk/government/publications/group-of-ngos-complaint-to-the-uk-ncp-about-standard-chartered-bank/initial-assessment-group-of-ngos-complaint-to-the-uk-ncp-about-standard-chartered-bank,UK National Contact Point,2025-09-19T09:30:01+01:00,2025-09-19T09:30:00+01:00,
Variation issued: Saturday 15 June 2024,,https://www.gov.uk/government/publications/fishing-vessel-licence-variations/variation-issued-saturday-15-june-2024,Marine Management Organisation,2024-06-13T09:37:34+01:00,2026-07-30T09:22:55+01:00,
Supporting women and girls' safety: SIA email campaign,"In October 2021 we sent an email to all SIA front line licence holders, reminding them of the vital role they play in protecting members of the public.",https://www.gov.uk/government/publications/supporting-women-and-girls-safety-sia-email-campaign,Security Industry Authority,2021-11-22T12:40:00+00:00,2021-12-17T09:32:40+00:00,https://www.gov.uk/crime-justice-and-law/violence-against-women-and-girls
"Advice: Rishi Sunak, Member of the Bloomberg New Economy Forum Advisory Board, Bloomberg",,https://www.gov.uk/government/publications/sunak-rishi-prime-minister-advice-under-the-governments-business-appointment-rules/advice-rishi-sunak-member-of-the-bloomberg-new-economy-forum-advisory-board-bloomberg,Independent Adviser on Ministerial Standards,2025-10-16T17:56:32+01:00,2026-02-27T10:22:06+00:00,
Corporation Tax: the disregard and bringing into account of profit and losses on derivative contracts hedging acquisitions and disposals of shares (Regulations 2022),This tax information and impact note is about derivative contracts used to hedge foreign exchange risks relating to acquisitions or disposals of shareholdings.,https://www.gov.uk/government/publications/corporation-tax-the-disregard-and-bringing-into-account-of-profit-and-losses-on-derivative-contracts-hedging-acquisitions-and-disposals-of-shares-re,HM Revenue & Customs,2022-03-09T12:16:29+00:00,2022-03-09T12:16:29+00:00,https://www.gov.uk/money/corporation-tax
"Advice Letter: Alan Mak, Partner, Spex Capital Limited",,https://www.gov.uk/government/publications/mak-alan-parliamentary-under-secretary-of-state-for-economic-security-acoba-advice/advice-letter-alan-mak-partner-spex-capital-limited,Advisory Committee on Business Appointments,2025-09-23T20:48:18+01:00,2025-09-23T20:48:18+01:00,
"Anti-social Behaviour, Crime and Policing Act: Extradition","These documents form the Extradition part of the Anti-social Behaviour, Crime and Policing Act.",https://www.gov.uk/government/publications/anti-social-behaviour-crime-and-policing-bill-extradition,Home Office,2013-05-09T09:50:00+01:00,2013-10-17T15:24:34+01:00,https://www.gov.uk/crime-justice-and-law/crime-prevention
Safety Bulletin 25 – Furuno navigation & communication equipment - GPS week number rollover,"Stand-alone Furuno GPS receivers and equipment using Furuno GPS chips, could produce data that is 19.7 years in the past, therefore generating errors in both the GPS position and date (19th May 2002).",https://www.gov.uk/government/publications/safety-bulletin-25-furuno-navigation-communication-equipment-gps-week-number-rollover,Maritime and Coastguard Agency,2021-12-14T00:00:00+00:00,2021-12-14T00:00:00+00:00,https://www.gov.uk/transport/maritime-safety
Evaluation report on Grip and bespoke-funded hot spot policing,,https://www.gov.uk/government/publications/hot-spot-policing-in-england-and-wales-year-ending-march-2022/evaluation-report-on-grip-and-bespoke-funded-hot-spot-policing,Home Office,2024-02-15T09:30:05+00:00,2024-02-15T09:30:02+00:00,
Home Office response to the Independent Chief Inspector of Borders and Immigration’s report: An inspection of UK Visas and Immigration front end services,,https://www.gov.uk/government/publications/response-to-an-inspection-of-uk-visas-and-immigration-front-end-services/home-office-response-to-the-independent-chief-inspector-of-borders-and-immigrations-report-an-inspection-of-uk-visas-and-immigration-front-end-servi,Home Office,2021-11-25T13:22:13+00:00,2021-11-25T13:22:00+00:00,
Decision on Baillie Gifford Investment Consulting Co Ltd,,https://www.gov.uk/government/publications/company-names-tribunal-decision-baillie-gifford-investment-consulting-co-ltd/decision-on-baillie-gifford-investment-consulting-co-ltd,Company Names Tribunal,2025-04-16T14:40:53+01:00,2025-06-03T09:44:43+01:00,
Bereavement Benefits consultation: SSAC response,Bereavement Benefits consultation: SSAC response.,https://www.gov.uk/government/publications/bereavement-benefits-consultation-ssac-response,Social Security Advisory Committee,2012-03-01T00:00:00+00:00,2012-03-01T00:00:00+00:00,https://www.gov.uk/welfare
Method Agreed,,https://www.gov.uk/government/publications/cac-outcome-iwgb-rsa-the-royal-society-for-the-encouragement-of-the-arts-manufactures-and-commerce/method-agreed,Central Arbitration Committee,2023-04-03T14:47:14+01:00,2022-12-07T14:16:38+00:00,
Notify the change of a company's objects (CC04),Tell Companies House of a change to your company's objects.,https://www.gov.uk/government/publications/notify-the-change-of-a-companys-objects-cc04,Companies House,2010-05-03T00:00:00+01:00,2021-01-26T15:50:24+00:00,https://www.gov.uk/business-and-industry/limited-companies-and-partnerships
Explanatory note for authorities with increased business rates retention arrangements: final local government finance settlement 2025 to 2026,Explanatory note for authorities with increased business rates retention arrangements for 2025 to 2026.,https://www.gov.uk/government/publications/explanatory-note-for-authorities-with-increased-business-rates-retention-arrangements-final-local-government-finance-settlement-2025-to-2026,"Ministry of Housing, Communities and Local Government",2025-02-04T10:04:59+00:00,2025-02-04T10:04:59+00:00,https://www.gov.uk/regional-and-local-government/local-government-spending
Company Names Tribunal decision: General Electric Intergrations Limited,"Decision for applicant General Electric Company against 10039286, application successful.",https://www.gov.uk/government/publications/company-names-tribunal-decision-general-electric-integaations-limited,Company Names Tribunal,2017-03-28T17:27:00+01:00,2017-06-02T13:42:12+01:00,https://www.gov.uk/business-and-industry
Teacher misconduct panel outcome: Mr Javier Martin-Navas,"Professional conduct panel outcome, including decision and reasons.",https://www.gov.uk/government/publications/teacher-misconduct-panel-outcome-mr-javier-martin-navas,Teaching Regulation Agency,2025-11-26T12:14:28+00:00,2025-11-26T12:14:28+00:00,https://www.gov.uk/education/teaching-standards-misconduct-and-practice
"Letter from DHSC to the Department of Health, Ireland on the reciprocal healthcare measures in place between the UK and Ireland, 26 November 2021 (text only)",,https://www.gov.uk/government/publications/exchange-of-letters-on-uk-ireland-reciprocal-healthcare-arrangements/letter-from-dhsc-to-the-department-of-health-ireland-on-the-reciprocal-healthcare-measures-in-place-between-the-uk-and-ireland-26-november-2021-tex,Department of Health and Social Care,2022-02-23T08:45:04+00:00,2022-02-23T08:45:03+00:00,
Harmful online challenges and online hoaxes,Advice for schools and colleges to support their approach to harmful online challenges and online hoaxes. ,https://www.gov.uk/government/publications/harmful-online-challenges-and-online-hoaxes,Department for Education,2021-02-12T13:00:00+00:00,2021-02-12T13:00:00+00:00,https://www.gov.uk/education/safeguarding-pupils
HS2 Phase One Planning Forum: Heritage Subgroup meeting minutes 2014,"<div class=""govspeak""><p>The <abbr title=""High Speed Two"">HS2</abbr> (High Speed Two) Phase One Planning Forum was established in May 2013 in advance of the submission of the <abbr title=""High Speed Two"">HS2</abbr> Hybrid Bill. The <abbr title=""High Speed Two"">HS2</abbr> Phase One planning forum acts as the primary vehicle for liaison between the <abbr title=""High Speed Two"">HS2</abbr> project and local authorities along the <abbr title=""High Speed Two"">HS2</abbr> Phase One route between London and the West Midlands on matters of cross boundary and route-wide interest.</p>

<p>During the passage of the High Speed Rail (London - West Midlands) Bill through Parliament, the focus of this particular forum is to discuss route wide principles, standards, practices and processes associated with heritage matters. These minutes detail exactly what was discussed in the meetings and were distributed accordingly to the appropriate members.</p>

<p>Invitees to the Heritage Subgroup are representatives from relevant local authorities, Historic England, <abbr title=""High Speed Two"">HS2</abbr> Ltd and the Department for Transport.</p>

</div>",https://www.gov.uk/government/publications/hs2-phase-one-planning-forum-heritage-subgroup-meeting-minutes-2014,High Speed Two (HS2) Limited,2015-09-29T15:55:00+01:00,2015-09-29T15:55:00+01:00,https://www.gov.uk/transport/hs2-phase-one
HS2 Phase 2b SES1 and AP1 ES MA02 Air quality report (AQ-001-0MA02),This report details the changes to the assessment for air quality in MA02 since the main ES.,https://www.gov.uk/government/publications/hs2-phase-2b-ses1-and-ap1-es-ma02-air-quality-report-aq-001-0ma02,High Speed Two (HS2) Limited,2022-07-06T09:26:54+01:00,2022-07-06T09:26:54+01:00,https://www.gov.uk/transport/hs2-phase-2b
OISC 2023/24 Business Plan Priorities,"The OISC 2023/24 Business Plan sets out the priorities which will support how we will deliver our services and strategic objectives over the coming year.
",https://www.gov.uk/government/publications/oisc-202324-business-plan-priorities,Office of the Immigration Services Commissioner,2023-09-21T00:00:00+01:00,2023-09-21T00:00:00+01:00,https://www.gov.uk/entering-staying-uk/immigration-adviser-services
PHE bulletin: 30 September 2014,"Includes: TB rates for 2013, tooth decay in 3 year olds, Ebola updates and campaigns including winter flu and Stoptober.
",https://www.gov.uk/government/publications/phe-bulletin-30-september-2014,Public Health England,2014-09-30T00:00:00+01:00,2014-09-30T00:00:00+01:00,https://www.gov.uk/health-and-social-care/health-protection
Smoking and tobacco: applying All Our Health,Evidence and guidance to help healthcare professionals integrate treatment for tobacco dependency into routine clinical care.,https://www.gov.uk/government/publications/smoking-and-tobacco-applying-all-our-health,Office for Health Improvement and Disparities,2015-04-01T00:00:00+01:00,2025-07-04T16:06:06+01:00,https://www.gov.uk/health-and-social-care/smoking
HIV treatment for overseas visitors in England from 1 October 2012,"Amendment to the NHS (Charges to Overseas Visitors) Regulations means that HIV treatment is longer chargeable to any overseas visitor.
",https://www.gov.uk/government/publications/hiv-treatment-for-overseas-visitors-in-england-from-1-october-2012,Department of Health and Social Care,2012-09-28T01:00:00+01:00,2012-09-28T01:00:00+01:00,https://www.gov.uk/health-and-social-care/national-health-service
"UKEF: spend over £25,000, May 2016","<div class=""govspeak""><p>HM Treasury requires that all central government departments publish details of their spending for transactions over £25,000.</p>

<p>UK Export Finance publishes details of invoices on a monthly basis.</p>
</div>",https://www.gov.uk/government/publications/ukef-spend-over-25000-may-2016,UK Export Finance,2016-08-12T16:03:30+01:00,2016-08-12T16:03:30+01:00,https://www.gov.uk/government/government-efficiency-transparency-and-accountability
China: Vince Cable strengthens foundations for UK business,,https://www.gov.uk/government/publications/china-vince-cable-strengthens-foundations-for-uk-business/china-vince-cable-strengthens-foundations-for-uk-business,Foreign & Commonwealth Office,2016-10-20T16:16:17+01:00,2014-06-05T00:00:00+01:00,
Deep Drilling Screening Directions - 2024,Screening Directions,https://www.gov.uk/government/publications/deep-drilling-screening-directions-2024,Offshore Petroleum Regulator for Environment and Decommissioning,2024-01-12T00:00:00+00:00,2025-01-03T10:28:23+00:00,https://www.gov.uk/environment/environmental-permits
Variation issued: Sunday 01 March 2026,,https://www.gov.uk/government/publications/fishing-vessel-licence-variations/variation-issued-sunday-01-march-2026,Marine Management Organisation,2026-02-26T13:30:02+00:00,2026-07-30T09:22:55+01:00,
Calls to 123 speaking clock and 118 directory enquiries in past 5 years,Response to an FOI requesting details of calls made by staff to 123 speaking clock and 118 directory enquiries in past 5 years,https://www.gov.uk/government/publications/calls-to-123-speaking-clock-and-118-directory-enquiries-in-past-5-years,Office of the Secretary of State for Wales,2015-03-04T00:00:00+00:00,2015-03-04T00:00:00+00:00,https://www.gov.uk/regional-and-local-government/wales
Signed order on Icelend Ltd,,https://www.gov.uk/government/publications/company-names-tribunal-decision-icelend-ltd/signed-order-on-icelend-ltd,Company Names Tribunal,2026-08-03T14:57:09+01:00,2026-08-03T14:57:08+01:00,
Non-ACM High Rise Residential Building Remediation Programme: accounting officer assessment,,https://www.gov.uk/government/publications/dluhc-accounting-officer-assessments/non-acm-high-rise-residential-building-remediation-programme-accounting-officer-assessment,"Department for Levelling Up, Housing and Communities ",2022-10-11T10:22:25+01:00,2024-10-30T13:57:05+00:00,
Annual report and accounts of the Legal Services Ombudsman for England and Wales 2006 to 2007,This document contains the following information: Annual report and accounts of the Legal Services Ombudsman for England and Wales 2006 to 2007.,https://www.gov.uk/government/publications/annual-report-and-accounts-of-the-legal-services-ombudsman-for-england-and-wales-2006-to-2007,Office of the Legal Services Ombudsman,2008-07-01T01:00:00+01:00,2008-07-01T01:00:00+01:00,https://www.gov.uk/government/government-spending
Paragraph 35 Decision,,https://www.gov.uk/government/publications/cac-outcome-rmt-carlisle-security-services/paragraph-35-decision,Central Arbitration Committee,2020-09-04T11:49:28+01:00,2020-06-05T09:20:54+01:00,
Meningococcal B vaccination programme for infants: information for healthcare practitioners,,https://www.gov.uk/government/publications/meningococcal-b-vaccine-information-for-healthcare-professionals/meningococcal-b-vaccination-programme-for-infants-information-for-healthcare-practitioners,UK Health Security Agency,2025-03-13T14:30:13+00:00,2025-08-11T16:23:52+01:00,
PF Notice and Statement to Members for 2020,,https://www.gov.uk/government/publications/fife-and-kinross-master-plumbers-association-pf-notice-and-statement-to-members/pf-notice-and-statement-to-members-for-2020,Certification Officer,2020-07-21T17:03:01+01:00,2020-07-21T17:03:00+01:00,
Learning English as an additional language in primary school,Ofsted good practice example showing how Greet Primary School teaches pupils learning English as an additional language.,https://www.gov.uk/government/publications/learning-english-as-an-additional-language-in-primary-school,Ofsted,2012-09-17T01:00:00+01:00,2012-09-17T01:00:00+01:00,https://www.gov.uk/education/primary-curriculum-key-stage-2-english
DECISION No 2/2025 of the Joint Committee established by the Agreement on the withdrawal of the UK from the EU: adding a newly adopted Union act to Annex 2 to the Windsor Framework (HTML),,https://www.gov.uk/government/publications/decision-no-22025-of-the-joint-committee-established-by-the-agreement-on-the-withdrawal-of-the-uk-from-the-eu-adding-a-newly-adopted-union-act-to-an/decision-no-22025-of-the-joint-committee-established-by-the-agreement-on-the-withdrawal-of-the-uk-from-the-eu-adding-a-newly-adopted-union-act-to-an,Cabinet Office,2025-04-29T11:48:00+01:00,2025-04-29T11:48:00+01:00,
Charity Inquiry: Worldwide Ummah Aid,"Charity Commission Inquiry into Worldwide Ummah Aid, formerly a registered charity. ",https://www.gov.uk/government/publications/charity-inquiry-worldwide-ummah-aid,The Charity Commission,2019-04-16T11:12:36+01:00,2019-04-16T11:12:36+01:00,https://www.gov.uk/society-and-culture/community-and-society
JFC FOI responses,Guidance for finding FOI responses released by Joint Forces Command.,https://www.gov.uk/government/publications/jfc-foi-responses,Joint Forces Command,2015-03-17T10:18:00+00:00,2015-03-17T10:18:00+00:00,https://www.gov.uk/defence-and-armed-forces
Statements of truth (PG73),Information about the use of statements of truth in support of applications to HM Land Registry (practice guide 73).,https://www.gov.uk/government/publications/statements-of-truth,HM Land Registry,2011-01-31T00:00:00+00:00,2024-12-09T06:00:00+00:00,https://www.gov.uk/housing-local-and-community/housing-and-communities
"DWP’s Information Gathering powers in the Public Authorities (Fraud, Error and Recovery) Bill: Factsheet",,https://www.gov.uk/government/publications/public-authorities-fraud-error-and-recovery-bill-2025-factsheets/dwps-information-gathering-powers-in-the-public-authorities-fraud-error-and-recovery-bill-factsheet,Department for Work and Pensions,2025-05-01T15:25:32+01:00,2025-06-19T14:15:37+01:00,
Housing for older people: government response to the Select Committee report,"Government response to the second report of 2017-19 of the Housing, Communities and Local Government Select Committee inquiry into housing for older people.",https://www.gov.uk/government/publications/housing-for-older-people-government-response-to-the-select-committee-report,"Ministry of Housing, Communities & Local Government (2018 to 2021)",2018-09-27T13:40:00+01:00,2018-09-27T13:40:00+01:00,https://www.gov.uk/housing-local-and-community/housing-for-older-and-vulnerable-people
Breach of union rule / mergers / register of members decision: Lynch v UNIFI,This document contains the decision made by the Certification Officer in this case.,https://www.gov.uk/government/publications/breach-of-union-rule-mergers-register-of-members-decision-lynch-v-unifi,Certification Officer,2004-10-07T01:00:00+01:00,2004-10-07T01:00:00+01:00,
Circular 027/2015: Approved mandatory requisition form and Home Office approved wording,,https://www.gov.uk/government/publications/circular-0272015-approved-mandatory-requisition-form-and-home-office-approved-wording/circular-0272015-approved-mandatory-requisition-form-and-home-office-approved-wording,Home Office,2016-10-20T16:29:24+01:00,2015-11-09T00:00:00+00:00,
Governance and Transparency Fund: Living Earth Foundation 2011,Details of how Living Earth Foundation is working with the Governance and Transparency Fund,https://www.gov.uk/government/publications/governance-and-transparency-fund-living-earth-foundation-2011,Department for International Development,2012-11-13T00:00:00+00:00,2012-11-13T00:00:00+00:00,https://www.gov.uk/international/international-aid-and-development
Energy Security Bill factsheet: Enabling accession to the Convention on Supplementary Compensation for Nuclear Damage,,https://www.gov.uk/government/publications/energy-security-bill-factsheets/energy-security-bill-factsheet-enabling-accession-to-the-convention-on-supplementary-compensation-for-nuclear-damage,Department for Energy Security and Net Zero,2022-07-20T15:26:23+01:00,2023-09-01T10:25:45+01:00,
Southern rail access to Heathrow: terms of reference for Network Rail study,Terms of reference providing guidelines to Network Rail on a study it is conducting about southern rail access options for Heathrow Airport.,https://www.gov.uk/government/publications/southern-rail-access-to-heathrow-terms-of-reference-for-study,Department for Transport,2014-07-01T15:01:00+01:00,2014-07-01T15:01:00+01:00,https://www.gov.uk/transport/surface-access-to-airports
HMRC phone performance for March 2025 (provisional figures) ,,https://www.gov.uk/government/publications/phone-line-performance-for-march-2025/hmrc-phone-performance-for-march-2025-provisional-figures,HM Revenue & Customs,2025-06-03T09:30:01+01:00,2025-06-03T09:30:00+01:00,
Decision on Pegasus Property Recruitment Ltd,,https://www.gov.uk/government/publications/company-names-tribunal-decision-pegasus-property-recruitment-ltd/decision-on-pegasus-property-recruitment-ltd--2,Company Names Tribunal,2023-12-21T15:42:58+00:00,2023-12-21T15:42:57+00:00,
Pre-release access list: reports from October to December 2024,,https://www.gov.uk/government/publications/pre-release-access-lists-cover-programme-quarterly-data/pre-release-access-list-reports-from-october-to-december-2024-onwards,UK Health Security Agency,2025-03-27T09:30:08+00:00,2026-03-26T09:30:18+00:00,
Wales Bill,"David Jones and Danny Alexander introduce Wales Bill in Parliament
",https://www.gov.uk/government/publications/wales-bill,Office of the Secretary of State for Wales,2014-03-20T13:33:00+00:00,2014-06-10T10:56:42+01:00,https://www.gov.uk/regional-and-local-government/wales
Letters sent to successful free school applicants: wave 4,"<div class=""govspeak""><p>These letters inform successful free school applicants of the Department for Education’s decision to accept their application. It also invites them to submit a business case and plan for the proposed school.</p>
</div>",https://www.gov.uk/government/publications/letters-sent-to-successful-free-school-applicants-wave-4,Department for Education,2015-07-16T14:59:00+01:00,2015-07-16T14:59:00+01:00,https://www.gov.uk/education/set-up-a-free-school
FOI release: FCO minister reply on Libya and refugees to House of Lords,This Freedom of Information request is about an FCO minister written reply of September 2017 to the House of Lords.,https://www.gov.uk/government/publications/foi-release-fco-minister-reply-on-libya-and-refugees-to-house-of-lords,Foreign & Commonwealth Office,2018-06-20T14:00:35+01:00,2018-06-20T14:00:35+01:00,https://www.gov.uk/government/government-efficiency-transparency-and-accountability
School Teachers' Review Body nineteenth report 2010,This document contains the following information: School Teachers' Review Body nineteenth report 2010.,https://www.gov.uk/government/publications/school-teachers-review-body-nineteenth-report-2010,School Teachers' Review Body,2010-03-30T01:00:00+01:00,2010-03-30T01:00:00+01:00,https://www.gov.uk/government/government-spending
Geographical names,,https://www.gov.uk/government/publications/nationalities/list-of-countries,Companies House,2017-10-20T11:31:47+01:00,2025-10-29T10:28:04+00:00,
Application Progress,,https://www.gov.uk/government/publications/cac-outcome-rmt-chiltern-railways-2/application-progress,Central Arbitration Committee,2022-09-27T10:14:02+01:00,2022-09-27T10:14:00+01:00,
Form COP1A: Apply to make decisions on someone's behalf (property and finance),Describe the property and finance decisions you need to make for someone when applying for a Court of Protection order.,https://www.gov.uk/government/publications/apply-to-make-decisions-on-someones-behalf-property-and-finance-form-cop1a,HM Courts & Tribunals Service,2015-07-01T00:00:00+01:00,2025-01-10T10:43:42+00:00,https://www.gov.uk/crime-justice-and-law/courts-sentencing-tribunals
Ministers' overseas travel: April to June 2012,"<div class=""govspeak""><p>Quarterly lists of DECC ministers’ overseas travel. Previous reports can be found in the <a rel=""external"" href=""http://webarchive.nationalarchives.gov.uk/20121025080026/http://www.decc.gov.uk/en/content/cms/accesstoinform/registers/overseas/overseas.aspx"">National Archive</a>.</p>
</div>",https://www.gov.uk/government/publications/ministers-overseas-travel-april-to-june-2012,Department of Energy & Climate Change,2012-10-19T01:00:00+01:00,2012-10-19T01:00:00+01:00,https://www.gov.uk/environment/climate-change-energy
Variation issued: Monday 01 June 2026,,https://www.gov.uk/government/publications/fishing-vessel-licence-variations/variation-issued-monday-01-june-2026,Marine Management Organisation,2026-05-29T10:30:08+01:00,2026-07-30T09:22:55+01:00,
Looking ahead to results days for qualifications this year,"Slides presented at Ofqual webinars for heads of schools, colleges and other exam centres in July 2023. ",https://www.gov.uk/government/publications/looking-ahead-to-results-days-for-qualifications-this-year,Ofqual,2023-07-14T11:00:00+01:00,2023-07-14T11:00:00+01:00,https://www.gov.uk/education/functional-skills
Vale of York CCG: CVD primary care intelligence pack,"Data and analysis of cardiovascular disease (CVD) prevalence, variation, treatment and outcomes in the Vale of York CCG area.",https://www.gov.uk/government/publications/vale-of-york-ccg-cvd-primary-care-intelligence-pack,Public Health England,2017-07-07T09:30:21+01:00,2017-07-07T09:30:21+01:00,https://www.gov.uk/health-and-social-care/public-health
Insurance claims,Response to an FOI requesting information on insurance claims made by the department,https://www.gov.uk/government/publications/insurance-claims,Office of the Secretary of State for Wales,2015-03-25T00:00:00+00:00,2015-03-25T00:00:00+00:00,https://www.gov.uk/regional-and-local-government/wales
Fatigue Research Project Workload Modelling,A final report from Southampton Solent University to the UK Maritime and Coastguard Agency investigating modelling the hours of work and rest of merchant navy watch keepers and tug crews.,https://www.gov.uk/government/publications/fatigue-research-project-workload-modelling,Maritime and Coastguard Agency,2017-05-15T11:47:22+01:00,2017-05-15T11:47:22+01:00,https://www.gov.uk/transport/ship-crew-health-and-safety
HS2 Phase One environmental statement volume 5: cultural heritage,,https://www.gov.uk/government/publications/hs2-phase-one-environmental-statement-volume-5-cultural-heritage/hs2-phase-one-environmental-statement-volume-5-cultural-heritage,Department for Transport,2016-10-20T16:18:57+01:00,2013-11-25T17:01:00+00:00,
FSA Board Meeting - December 2025: Video and Minutes,,https://www.gov.uk/government/publications/fsa-board-meeting-december-2025-video-and-minutes/fsa-board-meeting-december-2025-video-and-minutes,Food Standards Agency,2026-06-25T09:00:46+01:00,2026-06-26T14:14:34+01:00,
A guide for clinics,,https://www.gov.uk/government/publications/fertility-treatment-a-guide-for-clinics/a-guide-for-clinics,Competition and Markets Authority,2021-06-10T10:00:38+01:00,2021-06-10T00:00:00+01:00,
Lindholme Prison: Action plan,HM Prison and Probation Service action plan for Lindholme Prison in response to HM Inspectorate of Prisons inspection.,https://www.gov.uk/government/publications/lindholme-prison-action-plan,HM Prison and Probation Service,2018-06-14T00:00:00+01:00,2024-07-23T09:28:09+01:00,https://www.gov.uk/crime-justice-and-law/prisons-probation
MHRA People Strategy 2023 to 2026,This People Strategy sets out the agency’s five core priorities over the next three years.,https://www.gov.uk/government/publications/mhra-people-strategy-2023-to-2026,Medicines and Healthcare products Regulatory Agency,2023-07-06T14:30:00+01:00,2023-07-06T14:30:00+01:00,https://www.gov.uk/health-and-social-care/medicines-medical-devices-blood
AI Foundation Models: Update paper,"Update paper as part of the CMA's AI Foundation Models: initial review, following initial report in September 2023.",https://www.gov.uk/government/publications/ai-foundation-models-update-paper,Competition and Markets Authority,2024-04-11T00:00:00+01:00,2024-04-16T11:40:45+01:00,https://www.gov.uk/business-and-industry/business-regulation
Notice to Traders 20/24 - Import of Frozen Beef and Veal Quota (GATT) under Statutory Instrument 2020 No. 1432,This notice is to inform you of the next round of applications for the GATT beef quota.   ,https://www.gov.uk/government/publications/notice-to-traders-2024-import-of-frozen-beef-and-veal-quota-gatt-under-statutory-instrument-2020-no-1432,Rural Payments Agency,2024-03-27T11:25:58+00:00,2024-03-27T11:25:58+00:00,https://www.gov.uk/environment/producing-distributing-food-meat-production
Learning from the 2024 disturbances: Insights from youth justice services,Report by the Youth Justice Board (YJB) that analyses the survey data and interview findings from youth justice services (YJSs).,https://www.gov.uk/government/publications/learning-from-the-2024-disturbances-insights-from-youth-justice-services,Youth Justice Board for England and Wales,2025-11-20T10:16:00+00:00,2025-11-20T10:16:00+00:00,https://www.gov.uk/crime-justice-and-law/young-people-and-the-law
"Parental responsibility: birth parents, adoption and surrogacy: caseworker guidance","HM Passport Office guidance about parental responsibility, birth parents, adoption and surrogacy.",https://www.gov.uk/government/publications/parental-responsibility-birth-parents-adoption-and-surrogacy-caseworker-guidance,HM Passport Office,2024-01-24T00:00:00+00:00,2026-03-03T14:49:59+00:00,https://www.gov.uk/entering-staying-uk/citizenship
International Transport Workers Federation: Rules (PDF format),Rules for International Transport Workers Federation,https://www.gov.uk/government/publications/international-transport-workers-federation-rules,Certification Officer,2020-07-22T00:00:00+01:00,2020-07-22T00:00:00+01:00,https://www.gov.uk/work/trade-unions
HM Treasury exceptions to cross-government moratoria on spending: June to September 2023 (spend approvals),This series brings together all documents relating to HM Treasury spend approvals.,https://www.gov.uk/government/publications/hm-treasury-exceptions-to-cross-government-moratoria-on-spending-june-to-september-2023-spend-approvals,HM Treasury,2024-10-21T17:00:25+01:00,2024-10-21T17:00:25+01:00,https://www.gov.uk/government/government-spending
Public notice: Pebblebed Heaths NNR,,https://www.gov.uk/government/publications/pebblebed-heaths-national-nature-reserve/public-notice-pebblebed-heaths-nnr,Natural England,2021-05-13T15:00:10+01:00,2021-05-13T15:00:09+01:00,
Commission of policy advice from the Animals in Science Committee: the use of the forced swim test under ASPA,,https://www.gov.uk/government/publications/use-of-the-forced-swim-test-under-the-animals-scientific-procedures-act-1986/commission-of-policy-advice-from-the-animals-in-science-committee-the-use-of-the-forced-swim-test-under-aspa,Animals in Science Committee,2022-10-07T10:00:03+01:00,2022-10-07T10:00:00+01:00,
"Advice Letter: Paul Lincoln, Independent Consultancy",,https://www.gov.uk/government/publications/lincoln-paul-second-permanent-secretary-of-the-ministry-of-defence-acoba-advice/advice-letter-paul-lincoln-independent-consultancy,Advisory Committee on Business Appointments,2025-09-23T20:46:38+01:00,2025-09-23T20:46:37+01:00,
Review of Work Programme minimum performance levels,"The Work Programme is closed, this guidance is for reference only.",https://www.gov.uk/government/publications/review-of-work-programme-minimum-performance-levels,Department for Work and Pensions,2013-06-27T09:30:00+01:00,2013-06-27T09:30:00+01:00,https://www.gov.uk/work
Low Carbon Communities Challenge: household survey tables,"Annex to Low Carbon Communities Challenge Evaluation Report – Data tables from the Household Survey 
(a  summary of the findings from the household…",https://www.gov.uk/government/publications/low-carbon-communities-challenge-household-survey-tables,Department of Energy & Climate Change,2012-07-19T01:00:00+01:00,2012-07-19T01:00:00+01:00,https://www.gov.uk/environment/greenhouse-gas-emissions
FOI release: Wilton Park's facilities management contracts,"Facilities management contracts at Wilton Park. 
",https://www.gov.uk/government/publications/foi-release-wilton-parks-facilities-management-contracts,Foreign & Commonwealth Office,2016-10-28T13:43:34+01:00,2016-10-28T13:43:34+01:00,https://www.gov.uk/government/government-efficiency-transparency-and-accountability
Radiation: risk of childhood cancer among the children of UK women radiation workers,This document (HPA-RPD-063) gives details of the study re-assessing the risk of childhood cancer among the offspring of UK women radiation workers. ,https://www.gov.uk/government/publications/radiation-risk-of-childhood-cancer-among-the-children-of-uk-women-radiation-workers,Public Health England,2009-12-01T00:00:00+00:00,2009-12-01T00:00:00+00:00,https://www.gov.uk/health-and-social-care/health-protection-radiation
UK participation in high performance computing (HPC) at the European level,"Analyses the vision, policies and support that currently exist for high performance computing (HPC) at the European level.",https://www.gov.uk/government/publications/uk-participation-in-high-performance-computing-hpc-at-the-european-level,"Department for Business, Innovation & Skills",2012-11-07T00:00:00+00:00,2012-11-07T00:00:00+00:00,
NHS Counter Fraud Authority annual report and accounts 2025 to 2026,The NHS Counter Fraud Authority (NHSCFA) has published its annual report and accounts.,https://www.gov.uk/government/publications/nhs-counter-fraud-authority-annual-report-and-accounts-2025-to-2026,NHS Counter Fraud Authority,2026-07-16T15:52:15+01:00,2026-07-16T15:52:15+01:00,https://www.gov.uk/health-and-social-care/nhs-efficiency
Teacher misconduct panel outcome: Mr Anguel Tchourkin,"Professional conduct panel outcome, including decision and reasons.",https://www.gov.uk/government/publications/teacher-misconduct-panel-outcome-mr-anguel-tchourkin,Teaching Regulation Agency,2025-08-13T16:01:35+01:00,2025-08-13T16:01:35+01:00,https://www.gov.uk/education/teaching-standards-misconduct-and-practice
Headmasters' and Headmistresses' Conference: Other related Documents (PDF format),This document contains Other related Documents for Headmasters' and Headmistresses' Conference,https://www.gov.uk/government/publications/headmasters-and-headmistresses-conference-other-related-documents,Certification Officer,2020-09-24T16:33:00+01:00,2020-09-24T16:33:00+01:00,https://www.gov.uk/work/trade-unions
Immigration (PACE codes of practice) direction 2000,"Immigration (PACE codes of practice) direction 2000.
",https://www.gov.uk/government/publications/immigration-pace-codes-of-practice-direction-2000,UK Visas and Immigration,2000-02-07T00:00:00+00:00,2000-02-07T00:00:00+00:00,https://www.gov.uk/entering-staying-uk/immigration-offences
Requests for information under FoIA/EIR and DPA 2018-2019,"Requests for information made to Cefas under the Freedom of Information Act (FoIA), Environmental Information Regulations EIR) and Data Protection Act (DPA)",https://www.gov.uk/government/publications/requests-for-information-under-foiaeir-and-dpa-2018-2019,"Centre for Environment, Fisheries and Aquaculture Science",2019-12-20T13:15:58+00:00,2019-12-20T13:15:58+00:00,https://www.gov.uk/corporate-information
DfE Update local authorities: 1 April 2026,,https://www.gov.uk/government/publications/dfe-update-1-april-2026/dfe-update-local-authorities-1-april-2026,Department for Education,2026-04-01T13:48:52+01:00,2026-04-01T13:48:51+01:00,
Government interventions - the use of Commissioners in Rotherham and Tower Hamlets: government response to the Select Committee report,A response by the government to the Communities and Local Government Committee report on government interventions.,https://www.gov.uk/government/publications/government-interventions-the-use-of-commissioners-in-rotherham-and-tower-hamlets-government-response-to-the-select-committee-report,"Ministry of Housing, Communities & Local Government (2018 to 2021)",2016-10-20T12:51:20+01:00,2016-10-20T12:51:20+01:00,https://www.gov.uk/regional-and-local-government/local-government
UK/Montenegro: Agreement on International Road Transport [CS Montenegro No.2/2019],This treaty was presented to Parliament in September 2019.,https://www.gov.uk/government/publications/ukmontenegro-agreement-on-international-road-transport-cs-montenegro-no22019,Foreign & Commonwealth Office,2019-09-16T14:00:00+01:00,2019-09-16T14:00:00+01:00,https://www.gov.uk/transport/driving-and-road-transport
Digital capabilities in small and medium enterprises,This research outlines digital support programmes available to small and medium enterprises and discusses digital capabilities. ,https://www.gov.uk/government/publications/digital-capabilities-in-small-and-medium-enterprises,"Department for Business, Innovation & Skills",2015-09-09T10:00:37+01:00,2015-09-09T10:00:37+01:00,https://www.gov.uk/business-and-industry/science-and-innovation
Gurkha Mixed Marriage Compensation Scheme,"Process guide, registration and application forms for the Gurkha Mixed Marriage Compensation Scheme.",https://www.gov.uk/government/publications/gurkha-mixed-marriage-compensation-scheme,Ministry of Defence,2015-04-28T14:29:00+01:00,2015-11-24T13:39:50+00:00,https://www.gov.uk/defence-and-armed-forces
"Disability and employment transitions in Northern Ireland, 2011-2021","Research Outlining Disability and employment transitions in Northern Ireland, 2011-2021",https://www.gov.uk/government/publications/disability-and-employment-transitions-in-northern-ireland-2011-2021,Northern Ireland Statistics and Research Agency,2025-05-16T00:00:00+01:00,2025-05-16T00:00:00+01:00,https://www.gov.uk/welfare
Update on Open Banking,,https://www.gov.uk/government/publications/update-governance-of-open-banking/update-on-open-banking,Competition and Markets Authority,2021-11-05T12:03:42+00:00,2021-11-05T12:03:00+00:00,
Tax Administration and Maintenance: Autumn 2021,The government has published consultations and calls for evidence in a range of tax administration and tax policy areas.,https://www.gov.uk/government/publications/tax-administration-and-maintenance-autumn-2021,HM Treasury,2021-11-30T14:09:00+00:00,2021-11-30T14:09:00+00:00,https://www.gov.uk/money/business-tax
Active Travel England: annual report and accounts 2023 to 2024,Active Travel England’s results for the period ending 31 March 2024.,https://www.gov.uk/government/publications/active-travel-england-annual-report-and-accounts-2023-to-2024,Active Travel England,2024-07-29T00:00:00+01:00,2024-07-29T00:00:00+01:00,https://www.gov.uk/transport/corporate-and-operational-information-transport
Summary of the final report of the Technical Advisory Group,,https://www.gov.uk/government/publications/reliability-of-assessment-compendium/summary-of-the-final-report-of-the-technical-advisory-group,Ofqual,2016-12-19T15:26:51+00:00,2013-05-16T09:30:00+01:00,
Delivering a decade of renewal for social and affordable housing,,https://www.gov.uk/government/publications/delivering-a-decade-of-renewal-for-social-and-affordable-housing/delivering-a-decade-of-renewal-for-social-and-affordable-housing,"Ministry of Housing, Communities and Local Government",2025-07-02T16:45:06+01:00,2026-01-28T15:15:56+00:00,
FOI releases for July 2013,FOI releases for July 2013,https://www.gov.uk/government/publications/foi-releases-for-july-2013,Ministry of Justice,2013-07-16T15:01:00+01:00,2013-10-04T16:29:35+01:00,https://www.gov.uk/government/government-efficiency-transparency-and-accountability
Security monitoring: policy and processes,,https://www.gov.uk/government/publications/security-operations-and-management/security-monitoring-policy-and-processes,CESG,2016-07-11T10:09:00+01:00,2015-06-22T09:00:00+01:00,
The response to an FOI asking about spam and malicious emails received by the CNC,The CNCs response to a request for the number of spam and malicious emails received by the CNC over an eight month period,https://www.gov.uk/government/publications/the-response-to-an-foi-asking-about-spam-and-malicious-emails-received-by-the-cnc,Civil Nuclear Police Authority,2020-10-22T12:55:23+01:00,2020-10-22T12:55:23+01:00,https://www.gov.uk/crime-justice-and-law/policing
The Hearing Aid Council: annual report and accounts for the period ended 31 July 2010 [HC 617],House of Commons papers: 2010-12: 617. Final annual report from the Hearing Aid Council which ceased regulating the independent hearing aid …,https://www.gov.uk/government/publications/the-hearing-aid-council-annual-report-and-accounts-for-the-period-ended-31-july-2010-hc-617,"Department for Business, Innovation & Skills",2010-11-18T00:00:00+00:00,2010-11-18T00:00:00+00:00,
Freedom of Information request on the MHRA contracts register (FOI 21/1257),,https://www.gov.uk/government/publications/freedom-of-information-responses-from-the-mhra-week-commencing-6-december-2021/freedom-of-information-request-on-the-mhra-contracts-register-foi-211257,Medicines and Healthcare products Regulatory Agency,2022-05-31T12:53:00+01:00,2022-05-31T12:52:59+01:00,
"Committee on Standards in Public Life 283rd meeting, Thursday 17 December 2020: agenda and minutes","<div class=""govspeak""><p>To request meeting agendas and minutes prior to January 2017 contact: public@public-standards.gov.uk.</p>
</div>",https://www.gov.uk/government/publications/committee-on-standards-in-public-life-283rd-meeting-thursday-17-december-2020-agenda-and-minutes,Committee on Standards in Public Life,2021-01-22T12:02:37+00:00,2021-01-22T12:02:37+00:00,
FOI release: improving judiciary in Brazil,"Funding to improve judicial process in Brazil 2011 to 2016.
",https://www.gov.uk/government/publications/foi-release-improving-judiciary-in-brazil,Foreign & Commonwealth Office,2016-11-22T18:18:05+00:00,2016-11-22T18:18:05+00:00,https://www.gov.uk/government/government-efficiency-transparency-and-accountability
Agent Update: issue 103,Get guidance from HMRC if you're a tax agent or an adviser.,https://www.gov.uk/government/publications/agent-update-issue-103,HM Revenue & Customs,2022-12-21T17:00:00+00:00,2022-12-21T17:00:00+00:00,https://www.gov.uk/money/tax-agent-guidance
Approved Document F (2026),Approved Document F to support Part F of Schedule 1 to the Building Regulations 2010.,https://www.gov.uk/government/publications/approved-document-f-2026,"Ministry of Housing, Communities and Local Government",2026-03-24T09:00:00+00:00,2026-03-24T09:00:00+00:00,https://www.gov.uk/housing-local-and-community/building-regulation
Cross-border arrangements schema and supporting documents (MDR),Use the schema and supporting documents to report a cross-border arrangement under Mandatory Disclosure Rules (MDR).,https://www.gov.uk/government/publications/cross-border-arrangements-schema-and-supporting-documents-mdr,HM Revenue & Customs,2023-02-03T00:00:00+00:00,2024-02-12T10:00:03+00:00,https://www.gov.uk/money/international-tax
"Medical Directors' Bulletin, Issue 113, May 2011",These monthly bulletins are introduced by the NHS Medical Director and aim to update and inform medical directors everywhere on the latest announcements.,https://www.gov.uk/government/publications/medical-directors-bulletin-issue-113-may-2011,Department of Health and Social Care,2011-04-21T01:00:00+01:00,2011-04-21T01:00:00+01:00,
Academy property transactions: advice and forms,Property information notes (PINs) and forms relating to academy property transactions.,https://www.gov.uk/government/publications/academy-property-transactions-advice-and-forms,Education Funding Agency,2014-03-11T09:57:00+00:00,2015-04-08T09:47:29+01:00,https://www.gov.uk/education/school-buildings-and-land-transactions
HM Land Registry: SCS secondary paid employment details 2022 to 2023,"<div class=""govspeak""><p>The Cabinet Office guidance on the declaration and management of outside interests in the Civil Service requires that all paid outside employment held by <abbr title=""Senior Civil Service"">SCS</abbr> members, that has been agreed through the process for the declaration and management of outside interests, is published.  </p>

<p>In compliance with that guidance, HM Land Registry has published the necessary information concerning secondary paid employment held by its <abbr title=""Senior Civil Service"">SCS</abbr> members during the reporting year 2022 to 2023.</p>

</div>",https://www.gov.uk/government/publications/hm-land-registry-scs-secondary-paid-employment-details-2022-to-2023,HM Land Registry,2023-07-17T17:00:03+01:00,2023-07-17T17:00:03+01:00,https://www.gov.uk/corporate-information
PFI projects data: March 2012,"<div class=""govspeak""><p>We collect summary data on Private Finance Initiative (PFI) projects every spring. The information is provided by the departments and Devolved Administrations that procured or sponsored the projects, and is not audited by HM Treasury. The last data collection exercise was carried out between January and March 2012 and produced data for projects as at 31 March 2012.</p>

<h3 id=""whole-of-government-accounts"">Whole of Government Accounts</h3>

<p>Whole of Government Accounts (WGA) is a consolidated set of financial statements for the UK public sector, which includes the government’s commitments under Private Finance Initiative (PFI) contracts.</p>

<div class=""call-to-action"">
  <p><a href=""https://www.gov.uk/government/collections/whole-of-government-accounts"">View Whole of Government Accounts</a></p>
</div>
</div>",https://www.gov.uk/government/publications/pfi-projects-data,Infrastructure and Projects Authority,2012-03-31T15:25:00+01:00,2012-03-31T15:25:00+01:00,https://www.gov.uk/business-and-industry/uk-economy
Teacher misconduct panel outcome: Mr Darryll Prew,"Professional conduct panel outcome, including decision and reasons.",https://www.gov.uk/government/publications/teacher-misconduct-panel-outcome-mr-darryll-prew,Teaching Regulation Agency,2024-08-19T16:19:59+01:00,2024-08-19T16:19:59+01:00,https://www.gov.uk/education/teaching-standards-misconduct-and-practice
Bespoke natural gas CHP analysis,Reports commissioned by DECC to examine what type of electricity generation would be displaced if additional gas CHP was brought forward. The spreadsheet provides resulting time series for the average carbon intensity of electricity displaced by gas CHP.,https://www.gov.uk/government/publications/bespoke-natural-gas-chp-analysis,Department of Energy & Climate Change,2014-12-19T09:55:00+00:00,2015-07-20T11:10:15+01:00,https://www.gov.uk/environment/low-carbon-technologies
Organograms for certain teams within the SIA,SIA response to a Freedom of Information (FOI) request for organograms of certain teams within the SIA.,https://www.gov.uk/government/publications/organograms-for-certain-teams-within-the-sia,Security Industry Authority,2022-05-26T14:15:30+01:00,2022-05-26T14:15:30+01:00,https://www.gov.uk/business-and-industry/business-regulation
Reforming the Air Travel Organisers' Licensing (ATOL) scheme,Final impact assessment for Air Travel Organisers' Licensing (ATOL) scheme reforms.,https://www.gov.uk/government/publications/reforming-the-air-travel-organisers-licensing-atol-scheme,Department for Transport,2012-02-09T00:00:00+00:00,2012-02-09T00:00:00+00:00,https://www.gov.uk/business-and-industry/uk-economy
Heat vulnerability assessment and adaptation of urban buildings: a Manchester case study,A study reviewing the heat vulnerability of housing stock in Manchester. ,https://www.gov.uk/government/publications/heat-vulnerability-assessment-and-adaptation-of-urban-buildings-a-manchester-case-study,Department for Energy Security and Net Zero,2025-07-28T09:43:57+01:00,2025-07-28T09:43:57+01:00,https://www.gov.uk/environment/energy-and-climate-change-evidence-and-analysis
"Ministers' travel, meetings, gifts, hospitality and meetings with external organisations: 1 October to 31 December 2011","<div class=""govspeak""><p>Ministers’ travel, meetings, gifts, hospitality and meetings with external organisations: 1 October to 31 December 2011.</p>
</div>",https://www.gov.uk/government/publications/ministers-travel-meetings-gifts-hospitality-and-meetings-with-external-organisations-1-october-to-31-december-2011,Department for International Development,2012-05-31T01:00:00+01:00,2012-05-31T01:00:00+01:00,https://www.gov.uk/international/overseas-aid-transparency
Equality and Human Rights Commission: Annual Report and Accounts 2013 to 2014,This document contains the following information: Equality and Human Rights Commission annual report and accounts 2013 to 2014,https://www.gov.uk/government/publications/equality-and-human-rights-commission-annual-report-and-accounts-2013-to-2014--2,Equality and Human Rights Commission,2014-08-11T13:25:00+01:00,2014-08-11T13:25:00+01:00,https://www.gov.uk/government/government-spending
DLUHC accounting officer assessments,"<div class=""govspeak""><p>Departmental accounting officers must produce an assessment of all projects or programmes which form part of the government’s Major Projects Portfolio (GMPP). Projects are assessed against 4 criteria:</p>

<ul>
  <li>regularity</li>
  <li>propriety</li>
  <li>value for money</li>
  <li>feasibility</li>
</ul>

<p>This page contains the Accounting Officer assessment summaries for DLUHC Major Projects.</p>
</div>",https://www.gov.uk/government/publications/dluhc-accounting-officer-assessments,"Department for Levelling Up, Housing and Communities ",2022-03-08T00:00:00+00:00,2024-10-30T13:57:05+00:00,https://www.gov.uk/government/major-project-management
Annual report on human rights 2008,This document contains the following information: Annual report on human rights 2008,https://www.gov.uk/government/publications/annual-report-on-human-rights-2008,Foreign & Commonwealth Office,2009-03-26T00:00:00+00:00,2009-03-26T00:00:00+00:00,https://www.gov.uk/society-and-culture/equality-rights-and-citizenship
Coding for information recorded on the HSA4 abortion notification form,This document provides information on the codes used in processing and storing the information from the HSA4 abortion notification form.,https://www.gov.uk/government/publications/coding-for-information-recorded-on-the-hsa4-abortion-notification-form,Department of Health and Social Care,2011-09-09T01:00:00+01:00,2011-09-09T01:00:00+01:00,https://www.gov.uk/health-and-social-care/national-health-service
"UKEF: spend over £25,000, October 2015","<div class=""govspeak""><p>HM Treasury requires that all central government departments publish details of their spending for transactions over £25,000.</p>

<p>UK Export Finance publishes details of invoices on a monthly basis.</p>
</div>",https://www.gov.uk/government/publications/ukef-spend-over-25000-october-2015,UK Export Finance,2016-02-11T12:52:56+00:00,2016-02-11T12:52:56+00:00,https://www.gov.uk/business-and-industry/trade-and-investment
FOI Publications February 2015,Publications about Freedom of Information requests to the Bona Vacantia Division.,https://www.gov.uk/government/publications/foi-publications-february-2015,Treasury Solicitor’s Department,2015-02-18T14:59:52+00:00,2015-02-18T14:59:52+00:00,https://www.gov.uk/government/government-efficiency-transparency-and-accountability
About the Immigration Advice Authority and its work,,https://www.gov.uk/government/publications/oisc-faqs/oisc-faqs,Immigration Advice Authority,2019-08-20T14:44:47+01:00,2019-08-20T15:24:28+01:00,
Delivering Differently for Young People: programme prospectus,"The programme prospectus sets out the scope of the Delivering Differently for Young People programme, as well as frequently asked questions.",https://www.gov.uk/government/publications/delivering-differently-for-young-people-programme-prospectus,Cabinet Office,2014-07-14T15:39:00+01:00,2014-11-17T08:16:20+00:00,https://www.gov.uk/regional-and-local-government/local-government-spending
Data informing international travel traffic-light risk assessments: 7 October 2021,"<div class=""govspeak""><p>The UK Health Security Agency (<abbr title=""UK Health Security Agency"">UKHSA</abbr>), in partnership with devolved administrations, has developed a dynamic risk assessment methodology to inform ministerial decisions on red and green list countries and the associated border measures against the risks of importing cases of SARS-CoV-2 and its variants.</p>

<p>Available and relevant sources of information for each country or territory are used to provide an overall assessment on:</p>

<ul>
  <li>
    <p>genomic surveillance capability</p>
  </li>
  <li>
    <p>SARS-CoV-2 transmission risk</p>
  </li>
  <li>
    <p>variant of concern (<abbr title=""variant of concern"">VOC</abbr>) transmission risk</p>
  </li>
</ul>

<p>Decisions are taken by ministers informed by evidence, including analysis by <abbr title=""UK Health Security Agency"">UKHSA</abbr> as well as other relevant public health factors.</p>

<p>A summary of key data used by <abbr title=""UK Health Security Agency"">UKHSA</abbr> to inform the latest round of assessments is shown in the tables.</p>

</div>",https://www.gov.uk/government/publications/data-informing-international-travel-traffic-light-risk-assessments-7-october-2021,UK Health Security Agency,2021-10-07T19:07:00+01:00,2021-12-15T13:47:07+00:00,https://www.gov.uk/health-and-social-care/international-travel-immigration-repatriation-during-covid-19
Sellafield Ltd Gender Pay Gap Report 2021,"<div class=""govspeak""><p>This year’s data shows that the most significant change for 2021 is the reduction in the mean and median gender pay gaps, to the lowest level since we began reporting.</p>

<p>Compared to 2020, 3 of the 6 gender pay gap measures show an improvement, and 3 have remained static.</p>

<p>The data, which is for the 2021 calendar year, shows that the mean gender pay gap is 12.66% (13.61% in 2020) The median gender pay gap is 11.22% (11.52% in 2020).</p>

<p>Our proportion of female employees has increased from 25% in 2017 to 28% in 2021. The percentage of females in the upper and upper middle pay quartiles has increased since 2017.</p>

<p>We remain committed to addressing the gender pay gap at Sellafield Ltd, as part of our wider drive to deliver a more gender balanced organisation.</p>

<p>We continue to see that female progression and promotion is the biggest barrier to pay equity.</p>

<p>You can read the full report on the Gender Pay Gap Service website, <a rel=""external"" href=""https://gender-pay-gap.service.gov.uk/Employer/VI2g3NrR"">here.</a></p>
</div>",https://www.gov.uk/government/publications/sellafield-ltd-gender-pay-gap-report-2021,Sellafield Ltd,2022-03-28T11:39:00+01:00,2022-03-28T11:39:00+01:00,https://www.gov.uk/corporate-information
MOD shipping regulations for safety and environmental protection,"DSA02 regulations supersede JSP430 regulations. JSP430 guidance may be used only until all defence 
Codes of Practice (DCoPs) are published.",https://www.gov.uk/government/publications/mod-shipping-regulations-for-safety-and-environmental-protection,Ministry of Defence,2017-04-04T16:40:00+01:00,2019-01-02T08:00:03+00:00,https://www.gov.uk/defence-and-armed-forces
Cornwall Standing Environment Group Contingency Plan,"Plan for the group that covers Plymouth, including the port of Plymouth, to Lynmouth",https://www.gov.uk/government/publications/cornwall-standing-environment-group-contingency-plan,Marine Management Organisation,2014-06-11T10:56:00+01:00,2014-06-11T10:56:00+01:00,https://www.gov.uk/environment/marine-environment
Summary of the Public Assessment Report (PAR) for Vaxzevria - last updated 03/23,,https://www.gov.uk/government/publications/regulatory-approval-of-covid-19-vaccine-astrazeneca/summary-of-the-public-assessment-report-par-for-vaxzevria,Medicines and Healthcare products Regulatory Agency,2021-07-19T15:16:30+01:00,2023-11-22T12:21:26+00:00,
Chief Constable correspondence: water cannon,Chief Constable correspondence on the operational implications of water cannon use.,https://www.gov.uk/government/publications/chief-constable-correspondence-water-cannon,Home Office,2015-07-15T14:13:00+01:00,2015-07-15T14:13:00+01:00,https://www.gov.uk/crime-justice-and-law/policing
"HS2 Phase One environmental statement volume 5: sound, noise and vibration","Analysis which has informed the sound, noise and vibration assessment for Phase One of HS2.",https://www.gov.uk/government/publications/hs2-phase-one-environmental-statement-volume-5-sound-noise-and-vibration,Department for Transport,2013-11-25T17:00:00+00:00,2013-11-25T17:00:00+00:00,https://www.gov.uk/transport/hs2-phase-one
Ministerial overseas travel: April to June 2011,"<div class=""govspeak""><p>Attorney General’s Office (AGO) ministers must publish details of overseas travel that’s part of their official duties.</p>
</div>",https://www.gov.uk/government/publications/ministerial-overseas-travel-april-to-june-2011,Attorney General's Office,2011-12-09T00:00:00+00:00,2011-12-09T00:00:00+00:00,https://www.gov.uk/government/government-efficiency-transparency-and-accountability
Blue Badge good practice review,"A review looking at improving Blue Badge administration, assessment and enforcement through good practice.",https://www.gov.uk/government/publications/improving-blue-badge-administration-assessment-and-enforcement-good-practice-review-final-report,Department for Transport,2011-08-31T01:00:00+01:00,2011-08-31T01:00:00+01:00,https://www.gov.uk/regional-and-local-government/local-government
Correspondence from ACOBA to Dominic Cummings,,https://www.gov.uk/government/publications/cummings-dominic-special-adviser-at-no10-cabinet-office-acoba-advice/correspondence-from-acoba-to-dominic-cummings,Advisory Committee on Business Appointments,2021-07-12T15:07:11+01:00,2022-09-07T19:40:29+01:00,
Request to the SIA for information about debt collection,,https://www.gov.uk/government/publications/request-to-the-sia-for-information-about-debt-collection/request-to-the-sia-for-information-about-debt-collection,Security Industry Authority,2024-05-03T16:56:21+01:00,2024-05-03T16:56:21+01:00,
Derivative rights of residence: Chen cases revised,UK Visas and Immigration guidance for how it considers applications from people claiming a derivative right of residence.,https://www.gov.uk/government/publications/derivative-rights-of-residence-chen-cases-revised,UK Visas and Immigration,2012-08-08T00:00:00+01:00,2012-08-08T00:00:00+01:00,https://www.gov.uk/entering-staying-uk/visas-entry-clearance
SIA licence holders in the Newbury area,,https://www.gov.uk/government/publications/sia-licence-holders-in-the-newbury-area/sia-licence-holders-in-the-newbury-area,Security Industry Authority,2023-02-02T12:35:23+00:00,2023-02-02T12:35:23+00:00,
Children’s centres in England evaluation: survey of leaders,Research on children’s centre services between 2011 and 2013.,https://www.gov.uk/government/publications/childrens-centres-in-england-evaluation-survey-of-leaders,Department for Education,2015-06-25T10:05:30+01:00,2015-06-25T10:05:30+01:00,https://www.gov.uk/childcare-parenting/childcare-and-early-years
Geospatial Glossary,This glossary is intended for anyone using geospatial data and is particularly valuable to users who are new to the geospatial world.,https://www.gov.uk/government/publications/geospatial-glossary,Government Digital Service,2020-06-09T15:16:00+01:00,2021-03-11T14:43:12+00:00,https://www.gov.uk/business-and-industry/science-and-innovation
UK Government Investment Limited: Enterprise Bill factsheet,Outlines the measures that will be included in the Enterprise Bill.,https://www.gov.uk/government/publications/uk-government-investment-limited-enterprise-bill-factsheet,"Department for Business, Innovation & Skills",2015-12-15T09:00:00+00:00,2015-12-15T09:00:00+00:00,https://www.gov.uk/business-and-industry
Cervical screening cytology slide review process,,https://www.gov.uk/government/publications/cervical-screening-disclosure-of-audit-results-toolkit/cervical-screening-cytology-slide-review-process,NHS England,2021-04-12T09:30:05+01:00,2024-09-26T11:31:53+01:00,
Appeal a First-tier Tribunal (Special Educational Needs and Disability) decision: Form UT4,"Use this form to apply for permission if you have been refused by the First-tier Tribunal, or appeal to the Upper Tribunal if you have permission.",https://www.gov.uk/government/publications/form-ut4-application-for-permission-to-appeal-and-notice-of-appeal-from-first-tier-tribunal-special-educational-needs-education-health-and-care-pla,HM Courts & Tribunals Service,2017-07-03T00:00:00+01:00,2025-08-15T10:53:17+01:00,https://www.gov.uk/crime-justice-and-law/courts-sentencing-tribunals
Variation issued:  Saturday 1 January 2022,,https://www.gov.uk/government/publications/fishing-vessel-licence-variations/variation-issued-saturday-1-january-2022,Marine Management Organisation,2021-12-29T14:12:42+00:00,2026-07-30T09:22:55+01:00,
"PSFA Civil Penalties Powers in the Public Authorities (Fraud, Error and Recovery) Bill: Factsheet",,https://www.gov.uk/government/publications/public-authorities-fraud-error-and-recovery-bill-2025-factsheets/psfa-civil-penalties-powers-in-the-public-authorities-fraud-error-and-recovery-bill-factsheet,Department for Work and Pensions,2025-05-01T15:25:32+01:00,2025-06-19T14:15:37+01:00,
"HS2 Ltd senior officials’ business expenses and hospitality, January to March 2024","<div class=""govspeak""><p>Data on senior officials’ business expenses and hospitality, and meetings with external organisations.</p>
</div>",https://www.gov.uk/government/publications/hs2-ltd-senior-officials-business-expenses-and-hospitality-january-to-march-2024,High Speed Two (HS2) Limited,2024-08-29T16:30:06+01:00,2024-08-29T16:30:06+01:00,https://www.gov.uk/transport/hs2-corporate
Equality Analysis: Raising the Administrative Earnings Threshold (January 2023 change),,https://www.gov.uk/government/publications/changes-relating-to-in-work-progression-equality-analysis/equality-analysis-raising-the-administrative-earnings-threshold-january-2023-change,Department for Work and Pensions,2023-04-17T09:30:02+01:00,2023-04-17T09:30:00+01:00,
Energy Security Bill factsheet: Multi-purpose interconnectors,,https://www.gov.uk/government/publications/energy-security-bill-factsheets/energy-security-bill-factsheet-multi-purpose-interconnectors,Department for Energy Security and Net Zero,2022-07-20T15:26:27+01:00,2023-09-01T10:25:45+01:00,
Safety digest 06/2016: Blatchbridge,"Overspeed incidents, Somerset, 19 July 2016.",https://www.gov.uk/government/publications/blatchbridge-safety-digest,Rail Accident Investigation Branch,2016-10-24T09:59:00+01:00,2016-10-24T09:59:00+01:00,https://www.gov.uk/transport/rail-accidents-and-serious-incidents
AAIB Briefing Note for the Emergency Services,A concise version of the AAIB's guidance document for the emergency services and airfield operators.,https://www.gov.uk/government/publications/aaib-briefing-note-for-the-emergency-services,Air Accidents Investigation Branch,2018-09-19T05:00:00+01:00,2018-09-19T05:00:00+01:00,https://www.gov.uk/transport/air-accidents-and-serious-incidents
Rule 19.9 application by interested party for decision on disclaimer (bankruptcy),Template for a application by interested party for decision on disclaimer (bankruptcy) in relation to the Insolvency (England and Wales) Rules 2016 ,https://www.gov.uk/government/publications/rule-199-application-by-interested-party-for-decision-on-disclaimer-bankruptcy,The Insolvency Service,2017-04-06T00:15:00+01:00,2017-04-06T00:15:00+01:00,https://www.gov.uk/business-and-industry
NFU Scotland: Rules  (PDF format),Rules for NFU Scotland,https://www.gov.uk/government/publications/nfu-scotland-rules,Certification Officer,2020-07-21T17:13:00+01:00,2020-07-21T17:13:00+01:00,https://www.gov.uk/work/trade-unions
"Tax exemption for corporate recipients of compensation payments made under the Post Office compensation schemes: Group Litigation Order, Horizon Shortfall Scheme, Suspension Remuneration Review or Post Office Process Review Scheme",This tax information and impact note provides details of the taxation of corporate recipients and the ultimate recipients of compensation payments under the Post Office compensation schemes specified above.,https://www.gov.uk/government/publications/tax-exemption-for-corporate-recipients-of-compensation-payments-made-under-the-post-office-compensation-schemes-group-litigation-order-horizon-short,HM Revenue & Customs,2023-11-22T13:36:29+00:00,2023-11-22T13:36:29+00:00,https://www.gov.uk/money/paying-hmrc
Post-legislative scrutiny of the Terrorism Act 2006,This document contains the following information: Post-legislative scrutiny of the Terrorism Act 2006.,https://www.gov.uk/government/publications/post-legislative-scrutiny-of-the-terrorism-act-2006,Home Office,2011-09-29T01:00:00+01:00,2011-09-29T01:00:00+01:00,https://www.gov.uk/government/government-efficiency-transparency-and-accountability
DfE Update local authorities: 2 July 2025,,https://www.gov.uk/government/publications/dfe-update-2-july-2025/dfe-update-local-authorities-2-july-2025,Department for Education,2025-07-02T14:37:48+01:00,2025-07-02T14:37:47+01:00,
NHS injury costs recovery scheme: amounts collected April 2025 to March 2026,,https://www.gov.uk/government/publications/nhs-injury-costs-recovery-scheme-april-2025-to-march-2026/nhs-injury-costs-recovery-scheme-amounts-collected-april-2025-to-march-2026,Department of Health and Social Care,2025-06-05T17:25:22+01:00,2026-04-02T11:39:33+01:00,
Chapter 2: Delivering Supporting Families ,,https://www.gov.uk/government/publications/supporting-families-programme-guidance-2022-to-2025/chapter-2-delivering-supporting-families,Department for Education,2022-04-02T00:15:01+01:00,2022-04-02T00:00:00+01:00,
Courts Board Guidance,This document contains the following information: Courts Board Guidance.,https://www.gov.uk/government/publications/courts-board-guidance,Department for Constitutional Affairs,2005-02-03T00:00:00+00:00,2005-02-03T00:00:00+00:00,https://www.gov.uk/crime-justice-and-law
Home Office: Care Leaver Covenant offer,Care Leaver Covenant offer from the Home Office.,https://www.gov.uk/government/publications/home-office-care-leaver-covenant-offer,Home Office,2018-10-26T14:39:00+01:00,2018-10-26T14:39:00+01:00,https://www.gov.uk/childcare-parenting/children-and-young-people-leaving-care
RAIB investigation reports and bulletins 2008,Details of RAIB investigation reports and bulletins published during 2008.,https://www.gov.uk/government/publications/raib-investigation-reports-and-bulletins-2008,Rail Accident Investigation Branch,2015-03-12T00:00:00+00:00,2015-03-12T00:00:00+00:00,https://www.gov.uk/transport/rail-accidents-and-serious-incidents
"Smith, Chloe - Secretary of State for the Department of Science, Innovation and Technology - ACOBA Advice","Advice to The Rt Hon Chloe Smith, former Secretary of State for the Department of Science, Innovation, and Technology on business appointments after leaving Crown service",https://www.gov.uk/government/publications/smith-chloe-secretary-of-state-for-the-department-of-science-innovation-and-technology-and-previously-secretary-of-state-and-minister-of-state-fo,Advisory Committee on Business Appointments,2023-12-22T00:00:00+00:00,2025-04-23T23:33:37+01:00,https://www.gov.uk/government/government-efficiency-transparency-and-accountability
Variation issued: Wednesday 15 May 2024,,https://www.gov.uk/government/publications/fishing-vessel-licence-variations/variation-issued-wednesday-15-may-2024,Marine Management Organisation,2024-05-10T10:00:28+01:00,2026-07-30T09:22:55+01:00,
Mental Health Bill 2025: fact sheet,,https://www.gov.uk/government/publications/mental-health-bill-2025-fact-sheet/mental-health-bill-2025-fact-sheet,Department of Health and Social Care,2024-11-07T14:33:06+00:00,2024-11-07T14:33:05+00:00,
Coronavirus (COVID-19) data on funding claims by institutions: 2020 to 2021,"<div class=""govspeak""><p>Information on this page outlines payments made to institutions for claims they have made to ESFA for various grants. These include, but are not exclusively, coronavirus (COVID-19) support grants. Information on funding for grants based on allocations will be on the specific GOV.UK page for the grant.</p>

<h2 id=""claim-based-grants-included"">Claim-based grants included</h2>

<h3 id=""school-funding-exceptional-costs-associated-with-coronavirus-covid-19httpswwwgovukgovernmentpublicationscoronavirus-covid-19-financial-support-for-schools""><a href=""https://www.gov.uk/government/publications/coronavirus-covid-19-financial-support-for-schools"">School funding: exceptional costs associated with coronavirus (COVID-19)</a></h3>

<p>Financial assistance available to schools to cover increased premises, free school meals and additional cleaning-related costs associated with keeping schools open over the Easter and summer holidays in 2020, during the coronavirus (COVID-19) pandemic.</p>

<h3 id=""coronavirus-covid-19-free-school-meals-additional-costshttpswwwgovukgovernmentpublicationscoronavirus-covid-19-free-school-meals-additional-costscoronavirus-covid-19-free-school-meals-additional-costs-guidance""><a href=""https://www.gov.uk/government/publications/coronavirus-covid-19-free-school-meals-additional-costs/coronavirus-covid-19-free-school-meals-additional-costs-guidance"">Coronavirus (COVID-19) free school meals: additional costs</a></h3>

<p>Financial assistance available to meet the additional cost of the provision of free school meals to pupils and students where they were at home during term time, for the period January 2021 to March 2021.</p>

<h3 id=""alternative-provision-year-11-transition-fundinghttpswwwgovukguidancealternative-provision-year-11-transition-funding""><a href=""https://www.gov.uk/guidance/alternative-provision-year-11-transition-funding"">Alternative provision: year 11 transition funding</a></h3>

<p>Financial assistance for additional transition support provided to year 11 pupils by alternative provision settings from June 2020 until the end of the autumn term (December 2020).</p>

<h3 id=""coronavirus-covid-19-2021-qualifications-fund-for-schools-and-collegeshttpswwwgovukgovernmentpublicationsdfe-exam-support-service-claiming-costs""><a href=""https://www.gov.uk/government/publications/dfe-exam-support-service-claiming-costs"">Coronavirus (COVID-19) 2021 qualifications fund for schools and colleges</a></h3>

<p>Financial assistance for schools, colleges and other exam centres to run exams and assessments during the period October 2020 to March 2021 (or for functional skills qualifications, October 2020 to December 2020).</p>

<h3 id=""national-tutoring-programme-academic-mentors-programme-granthttpswwwgovukguidanceacademic-mentors-programme-grant-conditions-of-funding""><a href=""https://www.gov.uk/guidance/academic-mentors-programme-grant-conditions-of-funding"">National tutoring programme: academic mentors programme grant</a></h3>

<p>Financial assistance for mentors’ salary costs on the academic mentors programme from the start of their training until 31 July 2021, with adjustment for any withdrawals.</p>

<h3 id=""coronavirus-covid-19-mass-testing-funding-for-schools-and-collegeshttpswwwgovukgovernmentpublicationscoronavirus-covid-19-national-testing-programme-conditions-of-grant-from-august-2021coronavirus-covid-19-national-testing-programme-conditions-of-grant-from-august-2021""><a href=""https://www.gov.uk/government/publications/coronavirus-covid-19-national-testing-programme-conditions-of-grant-from-august-2021/coronavirus-covid-19-national-testing-programme-conditions-of-grant-from-august-2021"">Coronavirus (COVID-19) mass testing funding for schools and colleges</a></h3>

<p>Financial assistance for schools and colleges to support them with costs they have incurred when conducting asymptomatic testing site (ATS) onsite testing, in line with departmental testing policy.</p>

<p>Details of payments included in the data cover the following periods:</p>

<table>
  <thead>
    <tr>
      <th scope=""col"">Phase</th>
      <th scope=""col"">Period</th>
    </tr>
  </thead>
  <tbody>
    <tr>
      <td>Phase 1</td>
      <td>4 January 2021 to 5 March 2021</td>
    </tr>
    <tr>
      <td>Phases 2 and 3</td>
      <td>6 March 2021 to 1 April 2021</td>
    </tr>
    <tr>
      <td>Phase 4</td>
      <td>2 April 2021 to 23 July 2021</td>
    </tr>
  </tbody>
</table>

<p>Also included are details of exceptional costs claims made by schools and colleges that had to hire additional premises or make significant alterations to their existing premises to conduct testing from 4 January 2021 to 19 March 2021.</p>

<h3 id=""coronavirus-covid-19-workforce-fund-for-schoolshttpswwwgovukgovernmentpublicationscoronavirus-covid-19-workforce-fund-for-schoolscoronavirus-covid-19-workforce-fund-to-support-schools-with-costs-of-staff-absences-from-22-november-to-31-december-2021-and-coronavirus-covid-19-",https://www.gov.uk/government/publications/coronavirus-covid-19-data-on-funding-claims-by-institutions-2020-to-2021,Education and Skills Funding Agency,2022-02-09T10:32:47+00:00,2022-02-09T10:32:47+00:00,https://www.gov.uk/health-and-social-care/closures-exams-managing-school-during-covid-19
Decision on Sanctuary Recruitment Limited,,https://www.gov.uk/government/publications/company-names-tribunal-decision-sanctuary-recruitment-limited/decision-on-sanctuary-recruitment-limited,Company Names Tribunal,2022-09-20T11:35:34+01:00,2022-12-02T08:54:13+00:00,
Off-route reports for High Speed Rail (Crewe – Manchester) Environmental Statement,These reports present the likely significant environmental effects of the construction and operation of HS2 Phase 2b Crewe – Manchester in areas not on the proposed line of route.,https://www.gov.uk/government/publications/off-route-reports-for-high-speed-rail-crewe-manchester-environmental-statement,High Speed Two (HS2) Limited,2022-01-24T18:23:09+00:00,2022-01-24T18:23:09+00:00,https://www.gov.uk/transport/hs2-phase-2b
Spend on social media for the last 3 financial years,Amount of money paid to Facebook and Twitter to increase the department's prominence in the last 3 financial years.,https://www.gov.uk/government/publications/spend-on-social-media-for-the-last-3-financial-years,"Department for Business, Innovation & Skills",2014-06-16T13:32:04+01:00,2014-06-16T13:32:04+01:00,https://www.gov.uk/government/government-efficiency-transparency-and-accountability
Advisory committee on business appointments (ACOBA) annual report 2010-2011,Annual report of the activities of ACOBA,https://www.gov.uk/government/publications/advisory-committee-on-business-appointments-acoba-annual-report-2010-2011,Advisory Committee on Business Appointments,2011-11-21T00:00:00+00:00,2011-11-21T00:00:00+00:00,https://www.gov.uk/government/government-efficiency-transparency-and-accountability
"World Heritage for the Nation: Identifying, Protecting and Promoting our World Heritage",DCMS sought to examine the UK's approach to World Heritage and whether it supports its interests in protecting and promoting cultural and natural heritage.,https://www.gov.uk/government/publications/world-heritage-for-the-nation-identifying-protecting-and-promoting-our-world-heritage,"Department for Digital, Culture, Media & Sport (2017 to 2023)",2009-02-26T00:00:00+00:00,2009-02-26T00:00:00+00:00,https://www.gov.uk/society-and-culture/conservation-of-historic-buildings-and-monuments
Zero response to an FOI asking for details of cyber threats reported to the CNC,The zero response to an FOI asking for details of cyber threats reported to the CNC,https://www.gov.uk/government/publications/zero-response-to-an-foi-asking-for-details-of-cyber-threats-reported-to-the-cnc,Civil Nuclear Police Authority,2016-04-29T11:39:29+01:00,2016-04-29T11:39:29+01:00,
LA Welfare Direct 6/21,,https://www.gov.uk/government/publications/la-welfare-direct-bulletins-2021/la-welfare-direct-621,Department for Work and Pensions,2021-06-03T14:13:34+01:00,2021-12-20T11:52:24+00:00,
Second progress report: review of powers of entry,"Second six-monthly progress report, published in July 2013, provides summaries from various government departments.",https://www.gov.uk/government/publications/second-progress-report-review-of-powers-of-entry,Home Office,2013-07-19T12:45:40+01:00,2013-07-19T12:45:40+01:00,https://www.gov.uk/crime-justice-and-law/crime-prevention
London weighting and the points-based system,"Report on how London weighting is taken into consideration on making visa decisions using the points-based system, produced by the Migration Advisory Committee.",https://www.gov.uk/government/publications/london-weighting-and-the-points-based-system,Migration Advisory Committee,2010-08-01T00:00:00+01:00,2010-08-01T00:00:00+01:00,https://www.gov.uk/entering-staying-uk/visas-entry-clearance
Minister for Welfare Delivery to SSAC: The Housing Benefit (Persons who have attained the qualifying age for State Pension Credit) (Amendment ) Regulations 2021,,https://www.gov.uk/government/publications/the-housing-benefit-persons-who-have-attained-the-qualifying-age-for-state-pension-credit-amendment-regulations-2021/minister-for-welfare-delivery-to-ssac-the-housing-benefit-persons-who-have-attained-the-qualifying-age-for-state-pension-credit-amendment-regula,Department for Work and Pensions,2021-03-05T11:35:18+00:00,2021-03-05T00:00:00+00:00,
Application to register designs divided from an earlier application,Use this form to apply to register one or more designs divided from an earlier application. ,https://www.gov.uk/government/publications/application-to-register-designs-divided-from-an-earlier-application,Intellectual Property Office,2014-04-17T00:00:00+01:00,2026-04-01T00:01:04+01:00,https://www.gov.uk/business/designs
"Appropriation or compulsory purchase of certain types of land, including common land or town or village green",Section 19 of the Acquisition of Land Act 1981 - common land,https://www.gov.uk/government/publications/appropriation-or-compulsory-purchase-of-certain-types-of-land-including-common-land-or-town-or-village-green,Planning Inspectorate,2015-01-01T00:00:00+00:00,2025-12-01T08:00:03+00:00,https://www.gov.uk/environment/access-to-the-countryside
Summary: Restart Scheme extension qualitative research,,https://www.gov.uk/government/publications/restart-scheme-extension-qualitative-research/summary-restart-scheme-extension-qualitative-research,Department for Work and Pensions,2026-05-28T09:30:15+01:00,2026-05-28T09:30:14+01:00,
Export Strategy: terms of reference,Terms of reference for the Department for International Trade's development of a new export strategy.,https://www.gov.uk/government/publications/export-strategy-terms-of-reference,Department for International Trade,2018-03-20T09:00:00+00:00,2018-03-20T09:00:00+00:00,https://www.gov.uk/business-and-industry/trade-and-investment
Water resources assessment (WR-003-0MA06),"A report describing the existing water resources in MA06, how High Speed Two, Phase 2b Crewe – Manchester will impact these and how adverse effects will be mitigated.",https://www.gov.uk/government/publications/water-resources-assessment-wr-003-0ma06,High Speed Two (HS2) Limited,2022-01-24T16:57:31+00:00,2022-01-24T16:57:31+00:00,https://www.gov.uk/transport/hs2-phase-2b
Battery safety for e-scooter users,,https://www.gov.uk/government/publications/battery-safety-for-e-scooter-users/battery-safety-for-e-scooter-users,Department for Transport,2024-02-01T09:40:57+00:00,2024-02-01T00:00:00+00:00,
Animals in Science Committee and Animal Welfare and Ethical Review Body Hub Workshop (accessible),,https://www.gov.uk/government/publications/asc-and-awerb-hub-workshop-report/animals-in-science-committee-and-animal-welfare-and-ethical-review-body-hub-workshop-accessible,Animals in Science Committee,2023-11-10T14:55:57+00:00,2023-11-10T14:55:56+00:00,
Audio transcript: Your guide to NHS bowel screening podcast,,https://www.gov.uk/government/publications/bowel-cancer-screening-benefits-and-risks/audio-transcript-your-guide-to-nhs-bowel-screening-podcast,NHS England,2025-02-14T11:19:21+00:00,2025-06-23T11:57:03+01:00,
Variation Issued: Sunday 21 May 2023,,https://www.gov.uk/government/publications/fishing-vessel-licence-variations/variation-issued-sunday-21-may-2023,Marine Management Organisation,2023-05-18T10:00:04+01:00,2026-07-30T09:22:55+01:00,
BIS senior staff posts and payscales: 31 March 2012,"<div class=""govspeak""><p>The government is committed to setting new standards for transparency so the public can more easily see how and where taxpayers’ money is being spent and hold politicians, government departments and public bodies to account.</p>
</div>",https://www.gov.uk/government/publications/bis-senior-staff-posts-and-payscales-31-march-2012,"Department for Business, Innovation & Skills",2012-11-23T00:00:00+00:00,2012-11-23T00:00:00+00:00,https://www.gov.uk/government/government-efficiency-transparency-and-accountability
Revenue spending on free schools and studio schools,"<div class=""govspeak""><p>The Department for Education gives free school and studio school trusts:</p>

<ul>
  <li>a project development grant to cover all revenue expenditure, up to the point at which it opens, is cancelled, or withdrawn</li>
  <li>a post-opening grant for the extra costs of establishing the school which cannot be met through the school’s usual funding as they increase their capacity</li>
</ul>

<p>Information about <a href=""https://www.gov.uk/government/publications/capital-funding-for-open-free-schools"">capital funding for free schools and studio schools</a> is also available.</p>
</div>",https://www.gov.uk/government/publications/revenue-spending-on-free-schools-and-studio-schools,Department for Education,2018-07-19T16:03:00+01:00,2020-02-04T16:35:09+00:00,https://www.gov.uk/education/set-up-a-free-school
CAC Outcome: CWU & SeeChange Technologies Ltd,Outcome(s) by the Central Arbitration Committee on an application from the CWU.,https://www.gov.uk/government/publications/cac-outcome-cwu-seechange-technologies-ltd,Central Arbitration Committee,2024-02-12T00:00:00+00:00,2024-08-22T08:41:32+01:00,https://www.gov.uk/work
Women on boards: 5 year summary (Davies review),A summary report from Lord Davies on the approach to increase representation of women on FTSE 100 boards to at least 25% by 2015.,https://www.gov.uk/government/publications/women-on-boards-5-year-summary-davies-review,"Department for Business, Innovation & Skills",2015-10-29T08:30:00+00:00,2015-10-29T08:30:00+00:00,https://www.gov.uk/business-and-industry/corporate-governance
Condition improvement fund: 2019 to 2020 outcome,"<div class=""govspeak""><p>The Department for Education has published the <abbr title=""Condition improvement fund"">CIF</abbr> 2019 to 2020 outcome. This will provide funding of £433 million for 1,412 projects at 1,209 academies and sixth-form colleges.</p>

<p>We’ve contacted all applicants to inform them of the outcome of their application. Further information setting out next steps for successful applicants and feedback for those that were unsuccessful will be provided in due course.</p>

<h2 id=""cif-2019-to-2020-appeals"">
<abbr title=""Condition improvement fund"">CIF</abbr> 2019 to 2020 appeals</h2>

<p>We have published the list of successful appeals for the <abbr title=""Condition improvement fund"">CIF</abbr> 2019 to 2020 round. This will provide additional funding of £8.2 million for 30 projects at 28 additional academies and 1 sixth-form college.</p>

<p>If you submitted an appeal and your project appears on this list, we will contact you to confirm what happens next.</p>

<p>If your project does not appear on the list then your appeal has not been successful. This decision is final, there is no further stage in the appeals process and we are unable to consider any requests to review this decision.</p>

<h2 id=""final-funding-outcomes"">Final funding outcomes</h2>

<p>We have published the final funding outcomes for the <abbr title=""Condition improvement fund"">CIF</abbr> 2019 to 2020 round and these are the total amount of funding allocated to projects.</p>

<h2 id=""contact"">Contact</h2>

<p>If you need further advice, contact us using the <a rel=""external"" href=""https://customerhelpportal.education.gov.uk/"">Customer Help Portal</a>.</p>

</div>",https://www.gov.uk/government/publications/condition-improvement-fund-cif-application-outcomes-2019-to-2020,Department for Education,2019-04-04T00:00:00+01:00,2025-07-01T16:33:22+01:00,https://www.gov.uk/education/further-education-building-and-premises
"Forest Services board meeting, 17 July 2024","<div class=""govspeak""><p>Attendees:</p>

<p>Sir William Worsley (Chair) <br>
Hilary Allison <br>
Edward Barker <br>
Anna Brown <br>
John Lockhart <br>
Ross Murray <br>
Derrick Osgood <br>
Steph Rhodes <br>
Richard Stanford <br>
Sandy Storrie <br>
Ian Crawford, Forestry Commission Boardroom Apprentice <br>
Sam Malpass (item 3.4) <br>
Ian Tubby (item 4.1)</p>
</div>",https://www.gov.uk/government/publications/forest-services-board-meeting-17-july-2024,Forestry Commission,2026-04-17T10:19:00+01:00,2026-04-17T10:19:00+01:00,https://www.gov.uk/government/government-efficiency-transparency-and-accountability
Appendix A: Housing Benefit Award Accuracy Initiative - frequently asked questions,,https://www.gov.uk/government/publications/la-welfare-direct-bulletins-2021/appendix-a-housing-benefit-award-accuracy-initiative-frequently-asked-questions,Department for Work and Pensions,2021-03-11T11:15:04+00:00,2021-12-20T11:52:24+00:00,
